token,rater_label,clip_id,clip_filename,watched_complete,watch_progress_sec,duration_sec,memorability,perceived_agency,best_context,payload_json,end_highest_rated_notes,end_lowest_rated_notes,end_further_comments,end_payload_json,updated_at
2d7296df02f5bd7ff095f8b8304d3dc7,002,8,4069S_B_2026-01-07_12-00-27.mp4,True,80.4,80.4,,6,live_performance,"{'R_1': '5', 'R_2': '5', 'R_3': '6', 'R_4': '5', 'R_5': '5', 'R_6': '3', 'R_7': '4', 'R_8': '5', 'R_9': '6', 'comments': '', 'attention': 'Balanced', 'condition_guess': 'audiovisual'}",,,,{},2026-01-10T15:49:27.143717+00:00
2d7296df02f5bd7ff095f8b8304d3dc7,002,3,1661J_C_2026-01-06_12-27-39.mp4,True,80.698,80.698,,6,live_performance,"{'R_1': '7', 'R_2': '6', 'R_3': '6', 'R_4': '6', 'R_5': '6', 'R_6': '2', 'R_7': '3', 'R_8': '4', 'R_9': '6', 'comments': '', 'attention': 'Balanced', 'condition_guess': 'audiovisual'}",,,,{},2026-01-10T15:52:14.481481+00:00
2d7296df02f5bd7ff095f8b8304d3dc7,002,29,Default_Params_2026-01-07_10-17-02.mp4,True,70.933333,70.933333,,3,installation_gallery,"{'R_1': '6', 'R_2': '7', 'R_3': '6', 'R_4': '6', 'R_5': '6', 'R_6': '1', 'R_7': '1', 'R_8': '6', 'R_9': '3', 'comments': '', 'attention': 'Balanced', 'condition_guess': 'unsure'}",,,,{},2026-01-10T16:47:42.297042+00:00
2d7296df02f5bd7ff095f8b8304d3dc7,002,6,3483M_C_2026-01-06_15-51-19.mp4,True,81.541016,81.541016,,6,background_ambience,"{'R_1': '7', 'R_2': '6', 'R_3': '6', 'R_4': '6', 'R_5': '6', 'R_6': '3', 'R_7': '2', 'R_8': '5', 'R_9': '6', 'comments': '', 'attention': 'Balanced', 'condition_guess': 'audiovisual'}",,,,{},2026-01-10T16:53:43.917080+00:00
2d7296df02f5bd7ff095f8b8304d3dc7,002,9,4069S_C_2026-01-07_11-42-07.mp4,True,75.516667,75.516667,,7,live_performance,"{'R_1': '7', 'R_2': '7', 'R_3': '7', 'R_4': '7', 'R_5': '7', 'R_6': '1', 'R_7': '1', 'R_8': '5', 'R_9': '7', 'comments': '', 'attention': 'Balanced', 'condition_guess': 'audiovisual'}",,,,{},2026-01-10T17:18:53.706015+00:00
2d7296df02f5bd7ff095f8b8304d3dc7,002,17,5344J_B_2026-01-05_17-27-06.mp4,True,71.033333,71.033333,,4,unsure,"{'R_1': '4', 'R_2': '3', 'R_3': '5', 'R_4': '4', 'R_5': '4', 'R_6': '4', 'R_7': '3', 'R_8': '1', 'R_9': '4', 'comments': '', 'attention': 'Balanced', 'condition_guess': 'audio_only'}",,,,{},2026-01-10T20:56:20.935945+00:00
9ff6821526a4f1c9aa137e26a25c378d,012,8,4069S_B_2026-01-07_12-00-27.mp4,True,80.376,80.376,,2,installation_gallery,"{'R_1': '6', 'R_2': '7', 'R_3': '7', 'R_4': '7', 'R_5': '6', 'R_6': '2', 'R_7': '5', 'R_8': '4', 'R_9': '2', 'comments': 'Very fast moving - I found myself wondering what it would be like slowed down', 'attention': 'Mostly sound', 'condition_guess': 'visual_only'}",,,,{},2026-01-11T04:28:13.477629+00:00
9ff6821526a4f1c9aa137e26a25c378d,012,15,5220H_C_2026-01-05_20-04-01.mp4,True,76.546,76.546,,6,live_performance,"{'R_1': '7', 'R_2': '7', 'R_3': '7', 'R_4': '7', 'R_5': '7', 'R_6': '2', 'R_7': '2', 'R_8': '6', 'R_9': '6', 'comments': '', 'attention': 'Mostly sound', 'condition_guess': 'audiovisual'}",,,,{},2026-01-11T04:30:32.961584+00:00
9ff6821526a4f1c9aa137e26a25c378d,012,16,5344J_A_2026-01-05_17-06-17.mp4,True,78.017,78.017,,5,background_ambience,"{'R_1': '6', 'R_2': '7', 'R_3': '7', 'R_4': '7', 'R_5': '7', 'R_6': '1', 'R_7': '1', 'R_8': '5', 'R_9': '5', 'comments': 'Love the colours on this one - it feels like they match the ambence of the sound', 'attention': 'Balanced', 'condition_guess': 'audiovisual'}",,,,{},2026-01-11T04:33:35.755708+00:00
9ff6821526a4f1c9aa137e26a25c378d,012,5,3483M_B_2026-01-06_15-16-26.mp4,True,73.591,73.591,,2,installation_gallery,"{'R_1': '3', 'R_2': '3', 'R_3': '5', 'R_4': '3', 'R_5': '3', 'R_6': '5', 'R_7': '6', 'R_8': '2', 'R_9': '2', 'comments': '', 'attention': 'Mostly sound', 'condition_guess': 'unsure'}",,,,{},2026-01-11T04:35:25.095101+00:00
9ff6821526a4f1c9aa137e26a25c378d,012,28,Default_Params_2026-01-06_10-07-27.mp4,True,69.0,69.0,,6,background_ambience,"{'R_1': '5', 'R_2': '5', 'R_3': '6', 'R_4': '7', 'R_5': '7', 'R_6': '2', 'R_7': '2', 'R_8': '5', 'R_9': '6', 'comments': '', 'attention': 'Balanced', 'condition_guess': 'visual_only'}",,,,{},2026-01-11T04:37:23.517586+00:00
9ff6821526a4f1c9aa137e26a25c378d,012,27,7974C_C_2026-01-07_18-59-15.mp4,True,57.417,57.417,,2,installation_gallery,"{'R_1': '6', 'R_2': '4', 'R_3': '7', 'R_4': '6', 'R_5': '6', 'R_6': '3', 'R_7': '4', 'R_8': '3', 'R_9': '2', 'comments': 'A bit chaotic but in a good way - it was immersive', 'attention': 'Balanced', 'condition_guess': 'visual_only'}",,,,{},2026-01-11T04:39:34.483984+00:00
9ff6821526a4f1c9aa137e26a25c378d,012,3,1661J_C_2026-01-06_12-27-39.mp4,True,80.698,80.698,,5,unsure,"{'R_1': '3', 'R_2': '5', 'R_3': '6', 'R_4': '2', 'R_5': '3', 'R_6': '5', 'R_7': '2', 'R_8': '2', 'R_9': '5', 'comments': '', 'attention': 'Balanced', 'condition_guess': 'audio_only'}",,,,{},2026-01-11T04:43:14.132369+00:00
690b7749f82a727cfd18f7e25ac99188,001,8,4069S_B_2026-01-07_12-00-27.mp4,True,80.376,80.376,,4,unsure,"{'R_1': '1', 'R_2': '1', 'R_3': '1', 'R_4': '1', 'R_5': '1', 'R_6': '7', 'R_7': '7', 'R_8': '2', 'R_9': '4', 'comments': ""Audio far  too frenetic and felt like an alarm at times, wanted it to stop. Sound overwhelmed me so much so wasn't really able to concentrate on visuals."", 'attention': 'Mostly sound', 'condition_guess': 'audio_only'}","The fascinating array of colours and visual patterns and when I could imagine the sounds as a familiar instrument or style of music - e.g. steel pan drum, piano, and jazz. ",the very high pitched notes that weren't harmonious and the speed of some that was not harmonious and occasionally alarming. I became wary of the pink notes on the outer edges as they came to represent the sounds I personally didn't like. ,I am curious to know how these clips were created and find out more.,"{'further_comments': 'I am curious to know how these clips were created and find out more.', 'lowest_rated_notes': ""the very high pitched notes that weren't harmonious and the speed of some that was not harmonious and occasionally alarming. I became wary of the pink notes on the outer edges as they came to represent the sounds I personally didn't like. "", 'highest_rated_notes': 'The fascinating array of colours and visual patterns and when I could imagine the sounds as a familiar instrument or style of music - e.g. steel pan drum, piano, and jazz. '}",2026-01-11T15:34:11.068304+00:00
690b7749f82a727cfd18f7e25ac99188,001,27,7974C_C_2026-01-07_18-59-15.mp4,True,57.417,57.417,,4,installation_gallery,"{'R_1': '6', 'R_2': '3', 'R_3': '4', 'R_4': '5', 'R_5': '6', 'R_6': '2', 'R_7': '5', 'R_8': '2', 'R_9': '4', 'comments': 'visual patterns more visible on this clip than the previous one. Sounds calmer at times but still too frantic and clashing for me. ', 'attention': 'Balanced', 'condition_guess': 'audiovisual'}","The fascinating array of colours and visual patterns and when I could imagine the sounds as a familiar instrument or style of music - e.g. steel pan drum, piano, and jazz. ",the very high pitched notes that weren't harmonious and the speed of some that was not harmonious and occasionally alarming. I became wary of the pink notes on the outer edges as they came to represent the sounds I personally didn't like. ,I am curious to know how these clips were created and find out more.,"{'further_comments': 'I am curious to know how these clips were created and find out more.', 'lowest_rated_notes': ""the very high pitched notes that weren't harmonious and the speed of some that was not harmonious and occasionally alarming. I became wary of the pink notes on the outer edges as they came to represent the sounds I personally didn't like. "", 'highest_rated_notes': 'The fascinating array of colours and visual patterns and when I could imagine the sounds as a familiar instrument or style of music - e.g. steel pan drum, piano, and jazz. '}",2026-01-11T15:38:44.976845+00:00
690b7749f82a727cfd18f7e25ac99188,001,17,5344J_B_2026-01-05_17-27-06.mp4,True,71.026,71.026,,4,installation_gallery,"{'R_1': '3', 'R_2': '6', 'R_3': '6', 'R_4': '6', 'R_5': '6', 'R_6': '2', 'R_7': '3', 'R_8': '4', 'R_9': '4', 'comments': 'lower notes made it feel calmer. Noted single LED then pattern of 2 LEDs repeated ', 'attention': 'Balanced', 'condition_guess': 'audiovisual'}","The fascinating array of colours and visual patterns and when I could imagine the sounds as a familiar instrument or style of music - e.g. steel pan drum, piano, and jazz. ",the very high pitched notes that weren't harmonious and the speed of some that was not harmonious and occasionally alarming. I became wary of the pink notes on the outer edges as they came to represent the sounds I personally didn't like. ,I am curious to know how these clips were created and find out more.,"{'further_comments': 'I am curious to know how these clips were created and find out more.', 'lowest_rated_notes': ""the very high pitched notes that weren't harmonious and the speed of some that was not harmonious and occasionally alarming. I became wary of the pink notes on the outer edges as they came to represent the sounds I personally didn't like. "", 'highest_rated_notes': 'The fascinating array of colours and visual patterns and when I could imagine the sounds as a familiar instrument or style of music - e.g. steel pan drum, piano, and jazz. '}",2026-01-11T15:43:15.053863+00:00
690b7749f82a727cfd18f7e25ac99188,001,30,Default_Params_2026-01-09_14-23-48.mp4,True,69.8,69.8,,2,live_performance,"{'R_1': '6', 'R_2': '6', 'R_3': '6', 'R_4': '6', 'R_5': '6', 'R_7': '1', 'R_8': '7', 'R_9': '2', 'comments': ""Some harmonious sounds and matching LEDs. Didn't enjoy the random high notes as much as the lower melodious ones"", 'attention': 'Balanced', 'condition_guess': 'audiovisual'}","The fascinating array of colours and visual patterns and when I could imagine the sounds as a familiar instrument or style of music - e.g. steel pan drum, piano, and jazz. ",the very high pitched notes that weren't harmonious and the speed of some that was not harmonious and occasionally alarming. I became wary of the pink notes on the outer edges as they came to represent the sounds I personally didn't like. ,I am curious to know how these clips were created and find out more.,"{'further_comments': 'I am curious to know how these clips were created and find out more.', 'lowest_rated_notes': ""the very high pitched notes that weren't harmonious and the speed of some that was not harmonious and occasionally alarming. I became wary of the pink notes on the outer edges as they came to represent the sounds I personally didn't like. "", 'highest_rated_notes': 'The fascinating array of colours and visual patterns and when I could imagine the sounds as a familiar instrument or style of music - e.g. steel pan drum, piano, and jazz. '}",2026-01-11T15:47:34.978881+00:00
690b7749f82a727cfd18f7e25ac99188,001,26,7974C_B_2026-01-07_17-52-19.mp4,True,90.211,90.211,,7,workshop_education,"{'R_1': '1', 'R_2': '6', 'R_3': '6', 'R_4': '4', 'R_5': '6', 'R_6': '7', 'R_7': '7', 'R_8': '4', 'R_9': '7', 'comments': 'Sounded like lots of tiny humans warming up on percussion instruments and too busy and noisy for me.', 'attention': 'Mostly sound', 'condition_guess': 'audiovisual'}","The fascinating array of colours and visual patterns and when I could imagine the sounds as a familiar instrument or style of music - e.g. steel pan drum, piano, and jazz. ",the very high pitched notes that weren't harmonious and the speed of some that was not harmonious and occasionally alarming. I became wary of the pink notes on the outer edges as they came to represent the sounds I personally didn't like. ,I am curious to know how these clips were created and find out more.,"{'further_comments': 'I am curious to know how these clips were created and find out more.', 'lowest_rated_notes': ""the very high pitched notes that weren't harmonious and the speed of some that was not harmonious and occasionally alarming. I became wary of the pink notes on the outer edges as they came to represent the sounds I personally didn't like. "", 'highest_rated_notes': 'The fascinating array of colours and visual patterns and when I could imagine the sounds as a familiar instrument or style of music - e.g. steel pan drum, piano, and jazz. '}",2026-01-11T15:51:58.512248+00:00
690b7749f82a727cfd18f7e25ac99188,001,24,6770L_C_2026-01-07_15-39-22.mp4,True,103.63,103.63,,7,installation_gallery,"{'R_1': '5', 'R_2': '6', 'R_3': '7', 'R_4': '7', 'R_5': '7', 'R_6': '1', 'R_7': '6', 'R_8': '7', 'R_9': '7', 'comments': 'discordant pink notes on the outer edges spoilt my enjoyment of this clip. found the visuals fascinating especially as the hexagon started to form, wanted it to join up to make a full hexagon as opposed to half hexagon shape. Could anticipate the high pink notes as LED pattern appeared quickly.', 'attention': 'Balanced', 'condition_guess': 'audiovisual'}","The fascinating array of colours and visual patterns and when I could imagine the sounds as a familiar instrument or style of music - e.g. steel pan drum, piano, and jazz. ",the very high pitched notes that weren't harmonious and the speed of some that was not harmonious and occasionally alarming. I became wary of the pink notes on the outer edges as they came to represent the sounds I personally didn't like. ,I am curious to know how these clips were created and find out more.,"{'further_comments': 'I am curious to know how these clips were created and find out more.', 'lowest_rated_notes': ""the very high pitched notes that weren't harmonious and the speed of some that was not harmonious and occasionally alarming. I became wary of the pink notes on the outer edges as they came to represent the sounds I personally didn't like. "", 'highest_rated_notes': 'The fascinating array of colours and visual patterns and when I could imagine the sounds as a familiar instrument or style of music - e.g. steel pan drum, piano, and jazz. '}",2026-01-11T15:57:45.780000+00:00
690b7749f82a727cfd18f7e25ac99188,001,16,5344J_A_2026-01-05_17-06-17.mp4,True,78.017,78.017,,7,workshop_education,"{'R_1': '5', 'R_2': '4', 'R_3': '4', 'R_4': '3', 'R_5': '6', 'R_6': '2', 'R_7': '2', 'R_8': '2', 'R_9': '7', 'comments': 'found lower more subtle tones more harmonious than the higher pitched ones. Felt like the sound may have been generated by humans as if playing a xylophone. ', 'attention': 'Mostly sound', 'condition_guess': 'audio_only'}","The fascinating array of colours and visual patterns and when I could imagine the sounds as a familiar instrument or style of music - e.g. steel pan drum, piano, and jazz. ",the very high pitched notes that weren't harmonious and the speed of some that was not harmonious and occasionally alarming. I became wary of the pink notes on the outer edges as they came to represent the sounds I personally didn't like. ,I am curious to know how these clips were created and find out more.,"{'further_comments': 'I am curious to know how these clips were created and find out more.', 'lowest_rated_notes': ""the very high pitched notes that weren't harmonious and the speed of some that was not harmonious and occasionally alarming. I became wary of the pink notes on the outer edges as they came to represent the sounds I personally didn't like. "", 'highest_rated_notes': 'The fascinating array of colours and visual patterns and when I could imagine the sounds as a familiar instrument or style of music - e.g. steel pan drum, piano, and jazz. '}",2026-01-11T16:02:21.859758+00:00
690b7749f82a727cfd18f7e25ac99188,001,22,6770L_A_2026-01-07_14-48-10.mp4,True,70.406,70.406,,4,unsure,"{'R_1': '4', 'R_2': '6', 'R_3': '7', 'R_4': '6', 'R_5': '6', 'R_6': '7', 'R_7': '7', 'R_8': '1', 'R_9': '4', 'comments': 'The sound was overwhelming at times. Visuals were pretty but too much going on for me.', 'attention': 'Mostly sound', 'condition_guess': 'audiovisual'}","The fascinating array of colours and visual patterns and when I could imagine the sounds as a familiar instrument or style of music - e.g. steel pan drum, piano, and jazz. ",the very high pitched notes that weren't harmonious and the speed of some that was not harmonious and occasionally alarming. I became wary of the pink notes on the outer edges as they came to represent the sounds I personally didn't like. ,I am curious to know how these clips were created and find out more.,"{'further_comments': 'I am curious to know how these clips were created and find out more.', 'lowest_rated_notes': ""the very high pitched notes that weren't harmonious and the speed of some that was not harmonious and occasionally alarming. I became wary of the pink notes on the outer edges as they came to represent the sounds I personally didn't like. "", 'highest_rated_notes': 'The fascinating array of colours and visual patterns and when I could imagine the sounds as a familiar instrument or style of music - e.g. steel pan drum, piano, and jazz. '}",2026-01-11T16:07:32.819762+00:00
690b7749f82a727cfd18f7e25ac99188,001,20,5747E_B_2026-01-09_15-54-52.mp4,True,78.004,78.004,,4,background_ambience,"{'R_1': '6', 'R_2': '6', 'R_3': '6', 'R_4': '6', 'R_5': '6', 'R_6': '1', 'R_7': '1', 'R_8': '3', 'R_9': '4', 'comments': 'fewer sounds and slower pace made it possible to appreciate the visual and audio experience.', 'attention': 'Balanced', 'condition_guess': 'audiovisual'}","The fascinating array of colours and visual patterns and when I could imagine the sounds as a familiar instrument or style of music - e.g. steel pan drum, piano, and jazz. ",the very high pitched notes that weren't harmonious and the speed of some that was not harmonious and occasionally alarming. I became wary of the pink notes on the outer edges as they came to represent the sounds I personally didn't like. ,I am curious to know how these clips were created and find out more.,"{'further_comments': 'I am curious to know how these clips were created and find out more.', 'lowest_rated_notes': ""the very high pitched notes that weren't harmonious and the speed of some that was not harmonious and occasionally alarming. I became wary of the pink notes on the outer edges as they came to represent the sounds I personally didn't like. "", 'highest_rated_notes': 'The fascinating array of colours and visual patterns and when I could imagine the sounds as a familiar instrument or style of music - e.g. steel pan drum, piano, and jazz. '}",2026-01-11T16:10:57.941499+00:00
690b7749f82a727cfd18f7e25ac99188,001,13,5220H_A_2026-01-05_19-23-19.mp4,True,81.271,81.271,,1,live_performance,"{'R_1': '4', 'R_2': '7', 'R_3': '7', 'R_4': '7', 'R_5': '7', 'R_6': '1', 'R_7': '4', 'R_8': '4', 'R_9': '1', 'comments': 'Intense  and fascinating vibrant visuals, Sound a little too discordant for me at times but intriguing to watch.', 'attention': 'Balanced', 'condition_guess': 'audiovisual'}","The fascinating array of colours and visual patterns and when I could imagine the sounds as a familiar instrument or style of music - e.g. steel pan drum, piano, and jazz. ",the very high pitched notes that weren't harmonious and the speed of some that was not harmonious and occasionally alarming. I became wary of the pink notes on the outer edges as they came to represent the sounds I personally didn't like. ,I am curious to know how these clips were created and find out more.,"{'further_comments': 'I am curious to know how these clips were created and find out more.', 'lowest_rated_notes': ""the very high pitched notes that weren't harmonious and the speed of some that was not harmonious and occasionally alarming. I became wary of the pink notes on the outer edges as they came to represent the sounds I personally didn't like. "", 'highest_rated_notes': 'The fascinating array of colours and visual patterns and when I could imagine the sounds as a familiar instrument or style of music - e.g. steel pan drum, piano, and jazz. '}",2026-01-11T16:15:00.794006+00:00
690b7749f82a727cfd18f7e25ac99188,001,11,4939Z_B_2026-01-06_19-31-45.mp4,True,76.269,76.269,,3,live_performance,"{'R_1': '6', 'R_2': '7', 'R_3': '7', 'R_4': '6', 'R_6': '2', 'R_7': '1', 'R_8': '4', 'R_9': '3', 'comments': 'loved to see the visual patterns forming and corresponding sound. Still struggle with the tone of the higher notes which seem a little too sharp for me.', 'attention': 'Mostly light', 'condition_guess': 'audiovisual'}","The fascinating array of colours and visual patterns and when I could imagine the sounds as a familiar instrument or style of music - e.g. steel pan drum, piano, and jazz. ",the very high pitched notes that weren't harmonious and the speed of some that was not harmonious and occasionally alarming. I became wary of the pink notes on the outer edges as they came to represent the sounds I personally didn't like. ,I am curious to know how these clips were created and find out more.,"{'further_comments': 'I am curious to know how these clips were created and find out more.', 'lowest_rated_notes': ""the very high pitched notes that weren't harmonious and the speed of some that was not harmonious and occasionally alarming. I became wary of the pink notes on the outer edges as they came to represent the sounds I personally didn't like. "", 'highest_rated_notes': 'The fascinating array of colours and visual patterns and when I could imagine the sounds as a familiar instrument or style of music - e.g. steel pan drum, piano, and jazz. '}",2026-01-11T16:18:29.411661+00:00
690b7749f82a727cfd18f7e25ac99188,001,3,1661J_C_2026-01-06_12-27-39.mp4,True,80.698,80.698,,7,live_performance,"{'R_1': '7', 'R_2': '7', 'R_3': '7', 'R_4': '7', 'R_5': '7', 'R_6': '1', 'R_7': '1', 'R_8': '6', 'R_9': '7', 'comments': 'felt like a digital steel pan drum experience. ', 'attention': 'Mostly sound', 'condition_guess': 'audiovisual'}","The fascinating array of colours and visual patterns and when I could imagine the sounds as a familiar instrument or style of music - e.g. steel pan drum, piano, and jazz. ",the very high pitched notes that weren't harmonious and the speed of some that was not harmonious and occasionally alarming. I became wary of the pink notes on the outer edges as they came to represent the sounds I personally didn't like. ,I am curious to know how these clips were created and find out more.,"{'further_comments': 'I am curious to know how these clips were created and find out more.', 'lowest_rated_notes': ""the very high pitched notes that weren't harmonious and the speed of some that was not harmonious and occasionally alarming. I became wary of the pink notes on the outer edges as they came to represent the sounds I personally didn't like. "", 'highest_rated_notes': 'The fascinating array of colours and visual patterns and when I could imagine the sounds as a familiar instrument or style of music - e.g. steel pan drum, piano, and jazz. '}",2026-01-11T16:22:38.200699+00:00
690b7749f82a727cfd18f7e25ac99188,001,14,5220H_B_2026-01-05_20-22-36.mp4,True,82.584,82.584,,4,unsure,"{'R_1': '5', 'R_2': '4', 'R_3': '4', 'R_4': '6', 'R_5': '6', 'R_6': '5', 'R_7': '5', 'R_8': '3', 'R_9': '4', 'comments': 'thought I could hear a melody initially but then felt a little overwhelmed by the discordant sounds', 'attention': 'Mostly sound', 'condition_guess': 'unsure'}","The fascinating array of colours and visual patterns and when I could imagine the sounds as a familiar instrument or style of music - e.g. steel pan drum, piano, and jazz. ",the very high pitched notes that weren't harmonious and the speed of some that was not harmonious and occasionally alarming. I became wary of the pink notes on the outer edges as they came to represent the sounds I personally didn't like. ,I am curious to know how these clips were created and find out more.,"{'further_comments': 'I am curious to know how these clips were created and find out more.', 'lowest_rated_notes': ""the very high pitched notes that weren't harmonious and the speed of some that was not harmonious and occasionally alarming. I became wary of the pink notes on the outer edges as they came to represent the sounds I personally didn't like. "", 'highest_rated_notes': 'The fascinating array of colours and visual patterns and when I could imagine the sounds as a familiar instrument or style of music - e.g. steel pan drum, piano, and jazz. '}",2026-01-11T16:27:00.838942+00:00
690b7749f82a727cfd18f7e25ac99188,001,15,5220H_C_2026-01-05_20-04-01.mp4,True,76.546,76.546,,4,live_performance,"{'R_1': '7', 'R_2': '7', 'R_3': '7', 'R_4': '7', 'R_5': '7', 'R_6': '1', 'R_7': '2', 'R_8': '4', 'R_9': '4', 'comments': 'There is lots of sound in this clip. Like the way the tempo changes. Feels jazz like. Love the patterns of the visuals, almost ""C"" and reversed ""C"" shapes. ', 'attention': 'Balanced', 'condition_guess': 'audiovisual'}","The fascinating array of colours and visual patterns and when I could imagine the sounds as a familiar instrument or style of music - e.g. steel pan drum, piano, and jazz. ",the very high pitched notes that weren't harmonious and the speed of some that was not harmonious and occasionally alarming. I became wary of the pink notes on the outer edges as they came to represent the sounds I personally didn't like. ,I am curious to know how these clips were created and find out more.,"{'further_comments': 'I am curious to know how these clips were created and find out more.', 'lowest_rated_notes': ""the very high pitched notes that weren't harmonious and the speed of some that was not harmonious and occasionally alarming. I became wary of the pink notes on the outer edges as they came to represent the sounds I personally didn't like. "", 'highest_rated_notes': 'The fascinating array of colours and visual patterns and when I could imagine the sounds as a familiar instrument or style of music - e.g. steel pan drum, piano, and jazz. '}",2026-01-11T16:30:59.549883+00:00
690b7749f82a727cfd18f7e25ac99188,001,18,5344J_C_2026-01-05_17-46-30.mp4,True,76.617,76.617,,2,installation_gallery,"{'R_1': '4', 'R_2': '6', 'R_3': '7', 'R_4': '7', 'R_5': '4', 'R_6': '3', 'R_7': '5', 'R_8': '4', 'R_9': '2', 'comments': 'I really like the way this clip started and ended with a few subtle notes. It became too busy and discordant during the clip for me with those high pink notes on the outer edges but fab visuals. ', 'attention': 'Mostly sound', 'condition_guess': 'audiovisual'}","The fascinating array of colours and visual patterns and when I could imagine the sounds as a familiar instrument or style of music - e.g. steel pan drum, piano, and jazz. ",the very high pitched notes that weren't harmonious and the speed of some that was not harmonious and occasionally alarming. I became wary of the pink notes on the outer edges as they came to represent the sounds I personally didn't like. ,I am curious to know how these clips were created and find out more.,"{'further_comments': 'I am curious to know how these clips were created and find out more.', 'lowest_rated_notes': ""the very high pitched notes that weren't harmonious and the speed of some that was not harmonious and occasionally alarming. I became wary of the pink notes on the outer edges as they came to represent the sounds I personally didn't like. "", 'highest_rated_notes': 'The fascinating array of colours and visual patterns and when I could imagine the sounds as a familiar instrument or style of music - e.g. steel pan drum, piano, and jazz. '}",2026-01-11T16:36:40.033562+00:00
690b7749f82a727cfd18f7e25ac99188,001,7,4069S_A_2026-01-07_12-18-40.mp4,True,56.749,56.749,,1,installation_gallery,"{'R_1': '1', 'R_2': '7', 'R_3': '7', 'R_4': '7', 'R_5': '7', 'R_6': '1', 'R_7': '7', 'R_8': '4', 'R_9': '1', 'comments': 'Intense sound and visuals  like its showing off - ""look at me and what I can do""', 'attention': 'Balanced', 'condition_guess': 'audiovisual'}","The fascinating array of colours and visual patterns and when I could imagine the sounds as a familiar instrument or style of music - e.g. steel pan drum, piano, and jazz. ",the very high pitched notes that weren't harmonious and the speed of some that was not harmonious and occasionally alarming. I became wary of the pink notes on the outer edges as they came to represent the sounds I personally didn't like. ,I am curious to know how these clips were created and find out more.,"{'further_comments': 'I am curious to know how these clips were created and find out more.', 'lowest_rated_notes': ""the very high pitched notes that weren't harmonious and the speed of some that was not harmonious and occasionally alarming. I became wary of the pink notes on the outer edges as they came to represent the sounds I personally didn't like. "", 'highest_rated_notes': 'The fascinating array of colours and visual patterns and when I could imagine the sounds as a familiar instrument or style of music - e.g. steel pan drum, piano, and jazz. '}",2026-01-11T16:40:18.815384+00:00
690b7749f82a727cfd18f7e25ac99188,001,23,6770L_B_2026-01-07_15-13-53.mp4,True,76.314,76.314,,4,unsure,"{'R_1': '3', 'R_2': '6', 'R_3': '6', 'R_4': '4', 'R_5': '4', 'R_6': '4', 'R_7': '6', 'R_8': '2', 'R_9': '4', 'comments': '', 'attention': 'Mostly sound', 'condition_guess': 'unsure'}","The fascinating array of colours and visual patterns and when I could imagine the sounds as a familiar instrument or style of music - e.g. steel pan drum, piano, and jazz. ",the very high pitched notes that weren't harmonious and the speed of some that was not harmonious and occasionally alarming. I became wary of the pink notes on the outer edges as they came to represent the sounds I personally didn't like. ,I am curious to know how these clips were created and find out more.,"{'further_comments': 'I am curious to know how these clips were created and find out more.', 'lowest_rated_notes': ""the very high pitched notes that weren't harmonious and the speed of some that was not harmonious and occasionally alarming. I became wary of the pink notes on the outer edges as they came to represent the sounds I personally didn't like. "", 'highest_rated_notes': 'The fascinating array of colours and visual patterns and when I could imagine the sounds as a familiar instrument or style of music - e.g. steel pan drum, piano, and jazz. '}",2026-01-11T16:43:16.316491+00:00
690b7749f82a727cfd18f7e25ac99188,001,25,7974C_A_2026-01-07_18-27-26.mp4,True,93.95,93.95,,4,live_performance,"{'R_1': '6', 'R_2': '6', 'R_3': '6', 'R_4': '6', 'R_5': '6', 'R_6': '2', 'R_7': '2', 'R_8': '6', 'R_9': '4', 'comments': 'Loved the patterns of the lights in distinct lines and order at times. ', 'attention': 'Mostly light', 'condition_guess': 'audiovisual'}","The fascinating array of colours and visual patterns and when I could imagine the sounds as a familiar instrument or style of music - e.g. steel pan drum, piano, and jazz. ",the very high pitched notes that weren't harmonious and the speed of some that was not harmonious and occasionally alarming. I became wary of the pink notes on the outer edges as they came to represent the sounds I personally didn't like. ,I am curious to know how these clips were created and find out more.,"{'further_comments': 'I am curious to know how these clips were created and find out more.', 'lowest_rated_notes': ""the very high pitched notes that weren't harmonious and the speed of some that was not harmonious and occasionally alarming. I became wary of the pink notes on the outer edges as they came to represent the sounds I personally didn't like. "", 'highest_rated_notes': 'The fascinating array of colours and visual patterns and when I could imagine the sounds as a familiar instrument or style of music - e.g. steel pan drum, piano, and jazz. '}",2026-01-11T16:46:23.050602+00:00
690b7749f82a727cfd18f7e25ac99188,001,29,Default_Params_2026-01-07_10-17-02.mp4,True,70.95,70.95,,5,installation_gallery,"{'R_1': '5', 'R_2': '5', 'R_3': '5', 'R_4': '5', 'R_5': '5', 'R_6': '3', 'R_7': '2', 'R_8': '5', 'R_9': '5', 'comments': 'subtle low notes make you feel relaxed but the higher pitched ones rattled me a little and felt like an interruption, like an alarm almost. ', 'attention': 'Mostly sound', 'condition_guess': 'audiovisual'}","The fascinating array of colours and visual patterns and when I could imagine the sounds as a familiar instrument or style of music - e.g. steel pan drum, piano, and jazz. ",the very high pitched notes that weren't harmonious and the speed of some that was not harmonious and occasionally alarming. I became wary of the pink notes on the outer edges as they came to represent the sounds I personally didn't like. ,I am curious to know how these clips were created and find out more.,"{'further_comments': 'I am curious to know how these clips were created and find out more.', 'lowest_rated_notes': ""the very high pitched notes that weren't harmonious and the speed of some that was not harmonious and occasionally alarming. I became wary of the pink notes on the outer edges as they came to represent the sounds I personally didn't like. "", 'highest_rated_notes': 'The fascinating array of colours and visual patterns and when I could imagine the sounds as a familiar instrument or style of music - e.g. steel pan drum, piano, and jazz. '}",2026-01-11T16:49:55.580998+00:00
690b7749f82a727cfd18f7e25ac99188,001,10,4939Z_A_2026-01-06_19-07-21.mp4,True,75.343,75.343,,4,background_ambience,"{'R_1': '5', 'R_2': '5', 'R_3': '5', 'R_4': '2', 'R_5': '6', 'R_6': '2', 'R_7': '2', 'R_8': '4', 'R_9': '4', 'comments': ""At times ,towards the end of the clip there didn't appear to be a sound to correspond to the visuals.  Occasionally the sounds reminded me of the whistled sounds made by the Clangers on the TV series."", 'attention': 'It varied / unsure', 'condition_guess': 'unsure'}","The fascinating array of colours and visual patterns and when I could imagine the sounds as a familiar instrument or style of music - e.g. steel pan drum, piano, and jazz. ",the very high pitched notes that weren't harmonious and the speed of some that was not harmonious and occasionally alarming. I became wary of the pink notes on the outer edges as they came to represent the sounds I personally didn't like. ,I am curious to know how these clips were created and find out more.,"{'further_comments': 'I am curious to know how these clips were created and find out more.', 'lowest_rated_notes': ""the very high pitched notes that weren't harmonious and the speed of some that was not harmonious and occasionally alarming. I became wary of the pink notes on the outer edges as they came to represent the sounds I personally didn't like. "", 'highest_rated_notes': 'The fascinating array of colours and visual patterns and when I could imagine the sounds as a familiar instrument or style of music - e.g. steel pan drum, piano, and jazz. '}",2026-01-11T16:59:03.283204+00:00
690b7749f82a727cfd18f7e25ac99188,001,9,4069S_C_2026-01-07_11-42-07.mp4,True,75.483,75.483,,4,live_performance,"{'R_1': '5', 'R_2': '7', 'R_3': '7', 'R_4': '7', 'R_5': '7', 'R_6': '1', 'R_7': '4', 'R_8': '7', 'R_9': '4', 'comments': '', 'attention': 'Balanced', 'condition_guess': 'audiovisual'}","The fascinating array of colours and visual patterns and when I could imagine the sounds as a familiar instrument or style of music - e.g. steel pan drum, piano, and jazz. ",the very high pitched notes that weren't harmonious and the speed of some that was not harmonious and occasionally alarming. I became wary of the pink notes on the outer edges as they came to represent the sounds I personally didn't like. ,I am curious to know how these clips were created and find out more.,"{'further_comments': 'I am curious to know how these clips were created and find out more.', 'lowest_rated_notes': ""the very high pitched notes that weren't harmonious and the speed of some that was not harmonious and occasionally alarming. I became wary of the pink notes on the outer edges as they came to represent the sounds I personally didn't like. "", 'highest_rated_notes': 'The fascinating array of colours and visual patterns and when I could imagine the sounds as a familiar instrument or style of music - e.g. steel pan drum, piano, and jazz. '}",2026-01-11T17:06:26.646504+00:00
690b7749f82a727cfd18f7e25ac99188,001,12,4939Z_C_2026-01-06_18-40-59.mp4,True,80.076,80.076,,4,unsure,"{'R_1': '5', 'R_2': '6', 'R_3': '6', 'R_4': '6', 'R_5': '6', 'R_6': '2', 'R_7': '2', 'R_8': '4', 'R_9': '4', 'comments': '', 'attention': 'Balanced', 'condition_guess': 'audiovisual'}","The fascinating array of colours and visual patterns and when I could imagine the sounds as a familiar instrument or style of music - e.g. steel pan drum, piano, and jazz. ",the very high pitched notes that weren't harmonious and the speed of some that was not harmonious and occasionally alarming. I became wary of the pink notes on the outer edges as they came to represent the sounds I personally didn't like. ,I am curious to know how these clips were created and find out more.,"{'further_comments': 'I am curious to know how these clips were created and find out more.', 'lowest_rated_notes': ""the very high pitched notes that weren't harmonious and the speed of some that was not harmonious and occasionally alarming. I became wary of the pink notes on the outer edges as they came to represent the sounds I personally didn't like. "", 'highest_rated_notes': 'The fascinating array of colours and visual patterns and when I could imagine the sounds as a familiar instrument or style of music - e.g. steel pan drum, piano, and jazz. '}",2026-01-11T17:08:54.931788+00:00
690b7749f82a727cfd18f7e25ac99188,001,5,3483M_B_2026-01-06_15-16-26.mp4,True,73.591,73.591,,4,unsure,"{'R_1': '3', 'R_2': '6', 'R_3': '5', 'R_4': '5', 'R_5': '5', 'R_6': '2', 'R_7': '5', 'R_8': '4', 'R_9': '4', 'comments': 'sounds like an alarm', 'attention': 'Balanced', 'condition_guess': 'audiovisual'}","The fascinating array of colours and visual patterns and when I could imagine the sounds as a familiar instrument or style of music - e.g. steel pan drum, piano, and jazz. ",the very high pitched notes that weren't harmonious and the speed of some that was not harmonious and occasionally alarming. I became wary of the pink notes on the outer edges as they came to represent the sounds I personally didn't like. ,I am curious to know how these clips were created and find out more.,"{'further_comments': 'I am curious to know how these clips were created and find out more.', 'lowest_rated_notes': ""the very high pitched notes that weren't harmonious and the speed of some that was not harmonious and occasionally alarming. I became wary of the pink notes on the outer edges as they came to represent the sounds I personally didn't like. "", 'highest_rated_notes': 'The fascinating array of colours and visual patterns and when I could imagine the sounds as a familiar instrument or style of music - e.g. steel pan drum, piano, and jazz. '}",2026-01-11T17:58:00.411477+00:00
690b7749f82a727cfd18f7e25ac99188,001,1,1661J_A_2026-01-06_12-12-03.mp4,True,72.285,72.285,,2,installation_gallery,"{'R_1': '3', 'R_2': '6', 'R_3': '6', 'R_4': '2', 'R_5': '4', 'R_6': '3', 'R_7': '5', 'R_8': '4', 'R_9': '2', 'comments': '', 'attention': 'Mostly light', 'condition_guess': 'audiovisual'}","The fascinating array of colours and visual patterns and when I could imagine the sounds as a familiar instrument or style of music - e.g. steel pan drum, piano, and jazz. ",the very high pitched notes that weren't harmonious and the speed of some that was not harmonious and occasionally alarming. I became wary of the pink notes on the outer edges as they came to represent the sounds I personally didn't like. ,I am curious to know how these clips were created and find out more.,"{'further_comments': 'I am curious to know how these clips were created and find out more.', 'lowest_rated_notes': ""the very high pitched notes that weren't harmonious and the speed of some that was not harmonious and occasionally alarming. I became wary of the pink notes on the outer edges as they came to represent the sounds I personally didn't like. "", 'highest_rated_notes': 'The fascinating array of colours and visual patterns and when I could imagine the sounds as a familiar instrument or style of music - e.g. steel pan drum, piano, and jazz. '}",2026-01-11T18:00:50.188598+00:00
690b7749f82a727cfd18f7e25ac99188,001,28,Default_Params_2026-01-06_10-07-27.mp4,True,69.0,69.0,,2,background_ambience,"{'R_1': '6', 'R_2': '7', 'R_3': '6', 'R_4': '6', 'R_5': '6', 'R_6': '2', 'R_7': '1', 'R_8': '6', 'R_9': '2', 'comments': 'enjoyed seeing the cluster of lights appear and subtle more mellow tones', 'attention': 'Mostly light', 'condition_guess': 'audiovisual'}","The fascinating array of colours and visual patterns and when I could imagine the sounds as a familiar instrument or style of music - e.g. steel pan drum, piano, and jazz. ",the very high pitched notes that weren't harmonious and the speed of some that was not harmonious and occasionally alarming. I became wary of the pink notes on the outer edges as they came to represent the sounds I personally didn't like. ,I am curious to know how these clips were created and find out more.,"{'further_comments': 'I am curious to know how these clips were created and find out more.', 'lowest_rated_notes': ""the very high pitched notes that weren't harmonious and the speed of some that was not harmonious and occasionally alarming. I became wary of the pink notes on the outer edges as they came to represent the sounds I personally didn't like. "", 'highest_rated_notes': 'The fascinating array of colours and visual patterns and when I could imagine the sounds as a familiar instrument or style of music - e.g. steel pan drum, piano, and jazz. '}",2026-01-11T18:03:33.101552+00:00
690b7749f82a727cfd18f7e25ac99188,001,6,3483M_C_2026-01-06_15-51-19.mp4,True,81.541,81.541,,2,live_performance,"{'R_1': '6', 'R_2': '7', 'R_3': '7', 'R_4': '7', 'R_5': '7', 'R_6': '1', 'R_7': '2', 'R_8': '6', 'R_9': '2', 'comments': '', 'attention': 'Balanced', 'condition_guess': 'audiovisual'}","The fascinating array of colours and visual patterns and when I could imagine the sounds as a familiar instrument or style of music - e.g. steel pan drum, piano, and jazz. ",the very high pitched notes that weren't harmonious and the speed of some that was not harmonious and occasionally alarming. I became wary of the pink notes on the outer edges as they came to represent the sounds I personally didn't like. ,I am curious to know how these clips were created and find out more.,"{'further_comments': 'I am curious to know how these clips were created and find out more.', 'lowest_rated_notes': ""the very high pitched notes that weren't harmonious and the speed of some that was not harmonious and occasionally alarming. I became wary of the pink notes on the outer edges as they came to represent the sounds I personally didn't like. "", 'highest_rated_notes': 'The fascinating array of colours and visual patterns and when I could imagine the sounds as a familiar instrument or style of music - e.g. steel pan drum, piano, and jazz. '}",2026-01-11T19:51:24.088466+00:00
690b7749f82a727cfd18f7e25ac99188,001,2,1661J_B_2026-01-06_11-52-56.mp4,True,78.942,78.942,,4,workshop_education,"{'R_1': '5', 'R_2': '5', 'R_3': '5', 'R_4': '4', 'R_5': '3', 'R_6': '4', 'R_7': '5', 'R_8': '4', 'R_9': '4', 'comments': 'very frantic lights and sounds', 'attention': 'Mostly light', 'condition_guess': 'audiovisual'}","The fascinating array of colours and visual patterns and when I could imagine the sounds as a familiar instrument or style of music - e.g. steel pan drum, piano, and jazz. ",the very high pitched notes that weren't harmonious and the speed of some that was not harmonious and occasionally alarming. I became wary of the pink notes on the outer edges as they came to represent the sounds I personally didn't like. ,I am curious to know how these clips were created and find out more.,"{'further_comments': 'I am curious to know how these clips were created and find out more.', 'lowest_rated_notes': ""the very high pitched notes that weren't harmonious and the speed of some that was not harmonious and occasionally alarming. I became wary of the pink notes on the outer edges as they came to represent the sounds I personally didn't like. "", 'highest_rated_notes': 'The fascinating array of colours and visual patterns and when I could imagine the sounds as a familiar instrument or style of music - e.g. steel pan drum, piano, and jazz. '}",2026-01-11T19:54:34.072771+00:00
690b7749f82a727cfd18f7e25ac99188,001,19,5747E_A_2026-01-09_15-32-44.mp4,True,86.006,86.006,,4,live_performance,"{'R_1': '5', 'R_2': '6', 'R_3': '6', 'R_4': '6', 'R_5': '6', 'R_6': '2', 'R_7': '1', 'R_8': '4', 'R_9': '4', 'comments': 'felt like a piano composition but still find the high notes too sharp to be relaxing ', 'attention': 'Balanced', 'condition_guess': 'audiovisual'}","The fascinating array of colours and visual patterns and when I could imagine the sounds as a familiar instrument or style of music - e.g. steel pan drum, piano, and jazz. ",the very high pitched notes that weren't harmonious and the speed of some that was not harmonious and occasionally alarming. I became wary of the pink notes on the outer edges as they came to represent the sounds I personally didn't like. ,I am curious to know how these clips were created and find out more.,"{'further_comments': 'I am curious to know how these clips were created and find out more.', 'lowest_rated_notes': ""the very high pitched notes that weren't harmonious and the speed of some that was not harmonious and occasionally alarming. I became wary of the pink notes on the outer edges as they came to represent the sounds I personally didn't like. "", 'highest_rated_notes': 'The fascinating array of colours and visual patterns and when I could imagine the sounds as a familiar instrument or style of music - e.g. steel pan drum, piano, and jazz. '}",2026-01-11T20:00:35.653311+00:00
9ff6821526a4f1c9aa137e26a25c378d,012,22,6770L_A_2026-01-07_14-48-10.mp4,True,70.406,70.406,,5,installation_gallery,"{'R_1': '5', 'R_2': '6', 'R_3': '6', 'R_4': '6', 'R_5': '6', 'R_6': '2', 'R_7': '5', 'R_8': '2', 'R_9': '5', 'comments': '', 'attention': 'Balanced', 'condition_guess': 'audiovisual'}",,,,{},2026-01-12T00:28:11.341986+00:00
9ff6821526a4f1c9aa137e26a25c378d,012,30,Default_Params_2026-01-09_14-23-48.mp4,True,69.8,69.8,,6,live_performance,"{'R_1': '6', 'R_2': '5', 'R_3': '5', 'R_4': '6', 'R_5': '5', 'R_6': '2', 'R_7': '1', 'R_8': '5', 'R_9': '6', 'comments': '', 'attention': 'Mostly sound', 'condition_guess': 'audiovisual'}",,,,{},2026-01-12T00:30:17.590757+00:00
9ff6821526a4f1c9aa137e26a25c378d,012,26,7974C_B_2026-01-07_17-52-19.mp4,True,90.211,90.211,,4,workshop_education,"{'R_1': '5', 'R_2': '3', 'R_3': '6', 'R_4': '6', 'R_5': '6', 'R_6': '1', 'R_7': '5', 'R_8': '3', 'R_9': '4', 'comments': 'Feels playful - like someone messing around with an instrument for the first time.I think this applies to many of the more chaotic ones.\n\nI could see this in a workshop/education or in an interactive installation at a science park or light festival. ', 'attention': 'Balanced', 'condition_guess': 'audiovisual'}",,,,{},2026-01-12T00:34:09.504274+00:00
9ff6821526a4f1c9aa137e26a25c378d,012,23,6770L_B_2026-01-07_15-13-53.mp4,True,76.314,76.314,,6,unsure,"{'R_1': '4', 'R_2': '6', 'R_3': '6', 'R_4': '7', 'R_5': '7', 'R_6': '1', 'R_7': '1', 'R_8': '6', 'R_9': '6', 'comments': '', 'attention': 'Mostly sound', 'condition_guess': 'unsure'}",,,,{},2026-01-12T00:39:48.647869+00:00
690b7749f82a727cfd18f7e25ac99188,001,4,3483M_A_2026-01-06_16-09-43.mp4,True,90.752,90.752,,7,installation_gallery,"{'R_1': '1', 'R_2': '1', 'R_3': '7', 'R_4': '1', 'R_5': '1', 'R_6': '7', 'R_7': '7', 'R_8': '1', 'R_9': '7', 'comments': 'no comments ', 'attention': 'Mostly sound', 'condition_guess': 'unsure'}","The fascinating array of colours and visual patterns and when I could imagine the sounds as a familiar instrument or style of music - e.g. steel pan drum, piano, and jazz. ",the very high pitched notes that weren't harmonious and the speed of some that was not harmonious and occasionally alarming. I became wary of the pink notes on the outer edges as they came to represent the sounds I personally didn't like. ,I am curious to know how these clips were created and find out more.,"{'further_comments': 'I am curious to know how these clips were created and find out more.', 'lowest_rated_notes': ""the very high pitched notes that weren't harmonious and the speed of some that was not harmonious and occasionally alarming. I became wary of the pink notes on the outer edges as they came to represent the sounds I personally didn't like. "", 'highest_rated_notes': 'The fascinating array of colours and visual patterns and when I could imagine the sounds as a familiar instrument or style of music - e.g. steel pan drum, piano, and jazz. '}",2026-01-13T20:34:40.574653+00:00
690b7749f82a727cfd18f7e25ac99188,001,21,5747E_C_2026-01-09_15-10-41.mp4,True,72.129,72.129,,6,background_ambience,"{'R_1': '7', 'R_2': '7', 'R_3': '6', 'R_4': '7', 'R_5': '7', 'R_6': '1', 'R_7': '1', 'R_8': '5', 'R_9': '6', 'comments': 'like the visuals and softer sounds', 'attention': 'Balanced'}","The fascinating array of colours and visual patterns and when I could imagine the sounds as a familiar instrument or style of music - e.g. steel pan drum, piano, and jazz. ",the very high pitched notes that weren't harmonious and the speed of some that was not harmonious and occasionally alarming. I became wary of the pink notes on the outer edges as they came to represent the sounds I personally didn't like. ,I am curious to know how these clips were created and find out more.,"{'further_comments': 'I am curious to know how these clips were created and find out more.', 'lowest_rated_notes': ""the very high pitched notes that weren't harmonious and the speed of some that was not harmonious and occasionally alarming. I became wary of the pink notes on the outer edges as they came to represent the sounds I personally didn't like. "", 'highest_rated_notes': 'The fascinating array of colours and visual patterns and when I could imagine the sounds as a familiar instrument or style of music - e.g. steel pan drum, piano, and jazz. '}",2026-01-11T19:57:13.356028+00:00
9ff6821526a4f1c9aa137e26a25c378d,012,6,3483M_C_2026-01-06_15-51-19.mp4,True,81.541,81.541,,6,live_performance,"{'R_1': '7', 'R_2': '7', 'R_3': '6', 'R_4': '7', 'R_5': '7', 'R_6': '1', 'R_7': '1', 'R_8': '5', 'R_9': '6', 'comments': '', 'attention': 'Balanced', 'condition_guess': 'audiovisual'}",,,,{},2026-01-12T00:23:54.042389+00:00
9ff6821526a4f1c9aa137e26a25c378d,012,13,5220H_A_2026-01-05_19-23-19.mp4,True,81.271,81.271,,7,live_performance,"{'R_1': '5', 'R_2': '6', 'R_3': '5', 'R_4': '5', 'R_5': '4', 'R_6': '4', 'R_7': '3', 'R_8': '5', 'R_9': '7', 'comments': '', 'attention': 'Mostly light', 'condition_guess': 'visual_only'}",,,,{},2026-01-12T00:26:21.034361+00:00
9ff6821526a4f1c9aa137e26a25c378d,012,19,5747E_A_2026-01-09_15-32-44.mp4,True,86.006,86.006,,5,background_ambience,"{'R_1': '6', 'R_2': '6', 'R_3': '7', 'R_4': '7', 'R_5': '7', 'R_6': '1', 'R_7': '1', 'R_8': '5', 'R_9': '5', 'comments': 'Not sure if it is a coincidence or my subconscious but the pastel colour ones also seem to be more ambient and relaxing in sound. This link in the overall feel of both sound and light works nicely.', 'attention': 'Balanced', 'condition_guess': 'audiovisual'}",,,,{},2026-01-12T00:37:13.592468+00:00
9ff6821526a4f1c9aa137e26a25c378d,012,10,4939Z_A_2026-01-06_19-07-21.mp4,True,75.343,75.343,,5,live_performance,"{'R_1': '6', 'R_2': '6', 'R_3': '5', 'R_4': '5', 'R_5': '4', 'R_6': '3', 'R_7': '3', 'R_8': '4', 'R_9': '5', 'comments': '', 'attention': 'Balanced', 'condition_guess': 'audiovisual'}",,,,{},2026-01-12T00:42:21.382562+00:00
9ff6821526a4f1c9aa137e26a25c378d,012,7,4069S_A_2026-01-07_12-18-40.mp4,True,56.749,56.749,,6,workshop_education,"{'R_1': '3', 'R_2': '5', 'R_3': '3', 'R_4': '6', 'R_5': '6', 'R_6': '2', 'R_7': '6', 'R_8': '1', 'R_9': '6', 'comments': 'For me the randomness of this clip makes it feel more human-made, like it would be challenging to program a machine to be that random.', 'attention': 'Mostly sound', 'condition_guess': 'unsure'}",,,,{},2026-01-12T00:44:52.529952+00:00
9ff6821526a4f1c9aa137e26a25c378d,012,21,5747E_C_2026-01-09_15-10-41.mp4,True,72.129,72.129,,4,installation_gallery,"{'R_1': '6', 'R_2': '6', 'R_3': '6', 'R_4': '6', 'R_5': '6', 'R_6': '1', 'R_7': '1', 'R_8': '6', 'R_9': '4', 'comments': '', 'attention': 'Balanced', 'condition_guess': 'unsure'}",,,,{},2026-01-12T00:47:12.609083+00:00
9ff6821526a4f1c9aa137e26a25c378d,012,9,4069S_C_2026-01-07_11-42-07.mp4,True,75.483,75.483,,6,live_performance,"{'R_1': '6', 'R_2': '6', 'R_3': '7', 'R_4': '6', 'R_5': '6', 'R_6': '2', 'R_7': '2', 'R_8': '5', 'R_9': '6', 'comments': '', 'attention': 'Balanced', 'condition_guess': 'audio_only'}",,,,{},2026-01-12T00:49:27.887438+00:00
9ff6821526a4f1c9aa137e26a25c378d,012,14,5220H_B_2026-01-05_20-22-36.mp4,True,82.584,82.584,,3,unsure,"{'R_1': '5', 'R_2': '4', 'R_3': '6', 'R_4': '6', 'R_5': '6', 'R_6': '2', 'R_7': '3', 'R_8': '5', 'R_9': '3', 'comments': 'Feels like a robot or alien trying to talk to me. Maybe the varied gaps between notes give it a conversational feel.', 'attention': 'Mostly sound', 'condition_guess': 'unsure'}",,,,{},2026-01-12T00:53:20.762607+00:00
9ff6821526a4f1c9aa137e26a25c378d,012,17,5344J_B_2026-01-05_17-27-06.mp4,True,71.026,71.026,,4,installation_gallery,"{'R_1': '6', 'R_2': '6', 'R_3': '6', 'R_4': '6', 'R_5': '6', 'R_6': '1', 'R_7': '2', 'R_8': '6', 'R_9': '4', 'comments': '', 'attention': 'It varied / unsure', 'condition_guess': 'audiovisual'}",,,,{},2026-01-12T00:56:25.854859+00:00
9ff6821526a4f1c9aa137e26a25c378d,012,4,3483M_A_2026-01-06_16-09-43.mp4,True,90.752,90.752,,4,unsure,"{'R_1': '5', 'R_2': '6', 'R_3': '6', 'R_4': '4', 'R_5': '4', 'R_6': '2', 'R_7': '3', 'R_8': '2', 'R_9': '4', 'comments': ""When there is more happening (both light and sound), it somehow feels less fused. I think this is because it's harder to link the two."", 'attention': 'Balanced', 'condition_guess': 'visual_only'}",,,,{},2026-01-12T01:00:07.944019+00:00
9ff6821526a4f1c9aa137e26a25c378d,012,11,4939Z_B_2026-01-06_19-31-45.mp4,True,76.269,76.269,,3,unsure,"{'R_1': '6', 'R_2': '6', 'R_3': '6', 'R_4': '5', 'R_5': '6', 'R_6': '1', 'R_7': '3', 'R_8': '4', 'R_9': '3', 'comments': '', 'attention': 'Balanced', 'condition_guess': 'audiovisual'}",,,,{},2026-01-12T01:06:27.706311+00:00
c2488cc75747e27097215705c9c62eae,009,26,7974C_B_2026-01-07_17-52-19.mp4,True,90.216667,90.216667,,1,unsure,"{'R_1': '2', 'R_2': '2', 'R_3': '4', 'R_4': '2', 'R_5': '2', 'R_6': '6', 'R_7': '2', 'R_8': '4', 'R_9': '1', 'comments': '', 'attention': 'Mostly light', 'condition_guess': 'unsure'}",,,,{},2026-01-12T12:09:11.764395+00:00
c2488cc75747e27097215705c9c62eae,009,28,Default_Params_2026-01-06_10-07-27.mp4,True,68.983333,68.983333,,6,live_performance,"{'R_1': '7', 'R_2': '6', 'R_3': '6', 'R_4': '7', 'R_5': '7', 'R_6': '1', 'R_7': '1', 'R_8': '7', 'R_9': '6', 'comments': '', 'attention': 'Mostly sound', 'condition_guess': 'audio_only'}",,,,{},2026-01-12T12:12:00.268754+00:00
9ff6821526a4f1c9aa137e26a25c378d,012,18,5344J_C_2026-01-05_17-46-30.mp4,True,76.617,76.617,,3,installation_gallery,"{'R_1': '6', 'R_2': '6', 'R_3': '7', 'R_4': '6', 'R_5': '6', 'R_6': '1', 'R_7': '2', 'R_8': '4', 'R_9': '3', 'comments': '', 'attention': 'Balanced', 'condition_guess': 'audiovisual'}",,,,{},2026-01-12T12:13:54.018599+00:00
9ff6821526a4f1c9aa137e26a25c378d,012,20,5747E_B_2026-01-09_15-54-52.mp4,True,78.004,78.004,,5,live_performance,"{'R_1': '7', 'R_2': '7', 'R_3': '7', 'R_4': '7', 'R_5': '7', 'R_6': '1', 'R_7': '1', 'R_8': '5', 'R_9': '5', 'comments': 'Love this one - owuld 100% go to a live performance of this', 'attention': 'Balanced', 'condition_guess': 'audiovisual'}",,,,{},2026-01-12T12:16:12.871151+00:00
9ff6821526a4f1c9aa137e26a25c378d,012,2,1661J_B_2026-01-06_11-52-56.mp4,True,78.942,78.942,,3,installation_gallery,"{'R_1': '6', 'R_2': '6', 'R_3': '6', 'R_4': '6', 'R_5': '6', 'R_6': '2', 'R_7': '2', 'R_8': '5', 'R_9': '3', 'comments': '', 'attention': 'Balanced', 'condition_guess': 'unsure'}",,,,{},2026-01-12T12:19:58.076237+00:00
c2488cc75747e27097215705c9c62eae,009,24,6770L_C_2026-01-07_15-39-22.mp4,True,103.633333,103.633333,,4,installation_gallery,"{'R_1': '3', 'R_2': '4', 'R_3': '2', 'R_4': '5', 'R_5': '5', 'R_6': '2', 'R_7': '4', 'R_8': '5', 'R_9': '4', 'comments': '', 'attention': 'Mostly light', 'condition_guess': 'visual_only'}",,,,{},2026-01-12T13:14:16.453648+00:00
c2488cc75747e27097215705c9c62eae,009,23,6770L_B_2026-01-07_15-13-53.mp4,True,76.35,76.35,,6,installation_gallery,"{'R_1': '2', 'R_2': '3', 'R_3': '3', 'R_4': '5', 'R_5': '5', 'R_6': '2', 'R_7': '3', 'R_8': '5', 'R_9': '6', 'comments': '', 'attention': 'Mostly light', 'condition_guess': 'visual_only'}",,,,{},2026-01-12T13:17:29.810438+00:00
c2488cc75747e27097215705c9c62eae,009,13,5220H_A_2026-01-05_19-23-19.mp4,True,81.316667,81.316667,,2,installation_gallery,"{'R_1': '6', 'R_2': '4', 'R_3': '6', 'R_4': '6', 'R_5': '6', 'R_6': '2', 'R_7': '2', 'R_8': '6', 'R_9': '2', 'comments': '', 'attention': 'Mostly light', 'condition_guess': 'visual_only'}",,,,{},2026-01-12T13:20:04.900969+00:00
c2488cc75747e27097215705c9c62eae,009,29,Default_Params_2026-01-07_10-17-02.mp4,True,70.933333,70.933333,,6,background_ambience,"{'R_1': '6', 'R_2': '5', 'R_3': '4', 'R_4': '5', 'R_5': '6', 'R_6': '1', 'R_7': '1', 'R_8': '6', 'R_9': '6', 'comments': '', 'attention': 'Balanced', 'condition_guess': 'audiovisual'}",,,,{},2026-01-12T13:22:03.323151+00:00
c2488cc75747e27097215705c9c62eae,009,27,7974C_C_2026-01-07_18-59-15.mp4,True,57.433333,57.433333,,3,unsure,"{'R_1': '2', 'R_2': '2', 'R_3': '2', 'R_4': '6', 'R_5': '5', 'R_6': '2', 'R_7': '6', 'R_8': '2', 'R_9': '3', 'comments': '', 'attention': 'It varied / unsure', 'condition_guess': 'unsure'}",,,,{},2026-01-12T13:23:53.796330+00:00
c2488cc75747e27097215705c9c62eae,009,18,5344J_C_2026-01-05_17-46-30.mp4,True,76.516667,76.516667,,6,unsure,"{'R_1': '4', 'R_2': '5', 'R_3': '3', 'R_4': '6', 'R_5': '6', 'R_6': '2', 'R_7': '1', 'R_8': '6', 'R_9': '6', 'comments': '', 'attention': 'It varied / unsure', 'condition_guess': 'audiovisual'}",,,,{},2026-01-12T13:25:03.060788+00:00
2d85550aecfe4df36ddc3867c4ad20f8,013,25,7974C_A_2026-01-07_18-27-26.mp4,True,93.933333,93.933333,,4,installation_gallery,"{'R_1': '4', 'R_2': '6', 'R_3': '6', 'R_4': '7', 'R_5': '7', 'R_6': '2', 'R_7': '3', 'R_8': '3', 'R_9': '4', 'comments': 'sound felt very space-like / technological / futuristic', 'attention': 'Mostly sound', 'condition_guess': 'audiovisual'}",my favourite clip was calming/ relaxing. a big part of why it was relaxing for me was the cohesive feel and balance between audio and visual- important they align for me,clash/ high pitches /friction,cool instrument!!,"{'further_comments': 'cool instrument!!', 'lowest_rated_notes': 'clash/ high pitches /friction', 'highest_rated_notes': 'my favourite clip was calming/ relaxing. a big part of why it was relaxing for me was the cohesive feel and balance between audio and visual- important they align for me'}",2026-01-12T20:34:22.806979+00:00
2d85550aecfe4df36ddc3867c4ad20f8,013,7,4069S_A_2026-01-07_12-18-40.mp4,True,56.749023,56.749023,,6,installation_gallery,"{'R_1': '6', 'R_2': '6', 'R_3': '7', 'R_4': '7', 'R_5': '7', 'R_6': '1', 'R_7': '1', 'R_8': '5', 'R_9': '6', 'comments': 'felt balanced because audio and visual complemented each other', 'attention': 'Balanced', 'condition_guess': 'audiovisual'}",my favourite clip was calming/ relaxing. a big part of why it was relaxing for me was the cohesive feel and balance between audio and visual- important they align for me,clash/ high pitches /friction,cool instrument!!,"{'further_comments': 'cool instrument!!', 'lowest_rated_notes': 'clash/ high pitches /friction', 'highest_rated_notes': 'my favourite clip was calming/ relaxing. a big part of why it was relaxing for me was the cohesive feel and balance between audio and visual- important they align for me'}",2026-01-12T20:38:09.317313+00:00
2d85550aecfe4df36ddc3867c4ad20f8,013,20,5747E_B_2026-01-09_15-54-52.mp4,True,78.016,78.016,,5,background_ambience,"{'R_1': '7', 'R_2': '7', 'R_3': '6', 'R_4': '5', 'R_5': '5', 'R_6': '1', 'R_7': '1', 'R_8': '4', 'R_9': '5', 'comments': 'would make really nice meditation / gentle yoga music', 'attention': 'Mostly sound', 'condition_guess': 'audio_only'}",my favourite clip was calming/ relaxing. a big part of why it was relaxing for me was the cohesive feel and balance between audio and visual- important they align for me,clash/ high pitches /friction,cool instrument!!,"{'further_comments': 'cool instrument!!', 'lowest_rated_notes': 'clash/ high pitches /friction', 'highest_rated_notes': 'my favourite clip was calming/ relaxing. a big part of why it was relaxing for me was the cohesive feel and balance between audio and visual- important they align for me'}",2026-01-12T20:41:35.844041+00:00
2d85550aecfe4df36ddc3867c4ad20f8,013,5,3483M_B_2026-01-06_15-16-26.mp4,True,73.6,73.6,,4,installation_gallery,"{'R_1': '2', 'R_2': '5', 'R_3': '5', 'R_4': '4', 'R_5': '4', 'R_6': '3', 'R_7': '3', 'R_8': '2', 'R_9': '4', 'comments': 'felt very technical, not entirely pleasant', 'attention': 'Mostly sound', 'condition_guess': 'audio_only'}",my favourite clip was calming/ relaxing. a big part of why it was relaxing for me was the cohesive feel and balance between audio and visual- important they align for me,clash/ high pitches /friction,cool instrument!!,"{'further_comments': 'cool instrument!!', 'lowest_rated_notes': 'clash/ high pitches /friction', 'highest_rated_notes': 'my favourite clip was calming/ relaxing. a big part of why it was relaxing for me was the cohesive feel and balance between audio and visual- important they align for me'}",2026-01-12T20:46:01.920647+00:00
2d85550aecfe4df36ddc3867c4ad20f8,013,24,6770L_C_2026-01-07_15-39-22.mp4,True,103.658667,103.658667,,6,workshop_education,"{'R_1': '5', 'R_2': '6', 'R_3': '6', 'R_4': '7', 'R_5': '7', 'R_6': '1', 'R_7': '1', 'R_8': '5', 'R_9': '6', 'comments': '', 'attention': 'Balanced', 'condition_guess': 'audiovisual'}",my favourite clip was calming/ relaxing. a big part of why it was relaxing for me was the cohesive feel and balance between audio and visual- important they align for me,clash/ high pitches /friction,cool instrument!!,"{'further_comments': 'cool instrument!!', 'lowest_rated_notes': 'clash/ high pitches /friction', 'highest_rated_notes': 'my favourite clip was calming/ relaxing. a big part of why it was relaxing for me was the cohesive feel and balance between audio and visual- important they align for me'}",2026-01-12T20:50:31.149950+00:00
2d85550aecfe4df36ddc3867c4ad20f8,013,22,6770L_A_2026-01-07_14-48-10.mp4,True,70.442666,70.442666,,5,workshop_education,"{'R_1': '5', 'R_2': '6', 'R_3': '6', 'R_4': '7', 'R_5': '7', 'R_6': '1', 'R_7': '5', 'R_8': '5', 'R_9': '5', 'comments': 'cohesive', 'attention': 'Balanced', 'condition_guess': 'audiovisual'}",my favourite clip was calming/ relaxing. a big part of why it was relaxing for me was the cohesive feel and balance between audio and visual- important they align for me,clash/ high pitches /friction,cool instrument!!,"{'further_comments': 'cool instrument!!', 'lowest_rated_notes': 'clash/ high pitches /friction', 'highest_rated_notes': 'my favourite clip was calming/ relaxing. a big part of why it was relaxing for me was the cohesive feel and balance between audio and visual- important they align for me'}",2026-01-12T20:56:52.165565+00:00
2d85550aecfe4df36ddc3867c4ad20f8,013,23,6770L_B_2026-01-07_15-13-53.mp4,True,76.35,76.35,,6,live_performance,"{'R_1': '7', 'R_2': '7', 'R_3': '7', 'R_4': '7', 'R_5': '7', 'R_6': '1', 'R_7': '2', 'R_8': '6', 'R_9': '6', 'comments': 'really like the beginning of this clip, intro to dj set', 'attention': 'Balanced', 'condition_guess': 'audiovisual'}",my favourite clip was calming/ relaxing. a big part of why it was relaxing for me was the cohesive feel and balance between audio and visual- important they align for me,clash/ high pitches /friction,cool instrument!!,"{'further_comments': 'cool instrument!!', 'lowest_rated_notes': 'clash/ high pitches /friction', 'highest_rated_notes': 'my favourite clip was calming/ relaxing. a big part of why it was relaxing for me was the cohesive feel and balance between audio and visual- important they align for me'}",2026-01-12T21:05:15.385866+00:00
2d85550aecfe4df36ddc3867c4ad20f8,013,6,3483M_C_2026-01-06_15-51-19.mp4,True,81.578667,81.578667,,6,workshop_education,"{'R_1': '6', 'R_2': '7', 'R_3': '6', 'R_4': '6', 'R_5': '6', 'R_6': '1', 'R_7': '2', 'R_8': '5', 'R_9': '6', 'comments': '', 'attention': 'Balanced', 'condition_guess': 'audiovisual'}",my favourite clip was calming/ relaxing. a big part of why it was relaxing for me was the cohesive feel and balance between audio and visual- important they align for me,clash/ high pitches /friction,cool instrument!!,"{'further_comments': 'cool instrument!!', 'lowest_rated_notes': 'clash/ high pitches /friction', 'highest_rated_notes': 'my favourite clip was calming/ relaxing. a big part of why it was relaxing for me was the cohesive feel and balance between audio and visual- important they align for me'}",2026-01-12T21:08:20.019576+00:00
2d85550aecfe4df36ddc3867c4ad20f8,013,15,5220H_C_2026-01-05_20-04-01.mp4,True,76.586667,76.586667,,5,installation_gallery,"{'R_1': '5', 'R_2': '5', 'R_3': '5', 'R_4': '4', 'R_5': '4', 'R_6': '3', 'R_7': '3', 'R_8': '4', 'R_9': '5', 'comments': '', 'attention': 'It varied / unsure', 'condition_guess': 'audio_only'}",my favourite clip was calming/ relaxing. a big part of why it was relaxing for me was the cohesive feel and balance between audio and visual- important they align for me,clash/ high pitches /friction,cool instrument!!,"{'further_comments': 'cool instrument!!', 'lowest_rated_notes': 'clash/ high pitches /friction', 'highest_rated_notes': 'my favourite clip was calming/ relaxing. a big part of why it was relaxing for me was the cohesive feel and balance between audio and visual- important they align for me'}",2026-01-12T21:15:35.240087+00:00
2d85550aecfe4df36ddc3867c4ad20f8,013,10,4939Z_A_2026-01-06_19-07-21.mp4,True,75.370667,75.370667,,3,installation_gallery,"{'R_1': '2', 'R_2': '4', 'R_3': '5', 'R_4': '2', 'R_5': '2', 'R_6': '5', 'R_7': '5', 'R_8': '2', 'R_9': '3', 'comments': 'a high pitched note felt very apparent and not the biggest fan- prefer the softer audios', 'attention': 'Mostly sound', 'condition_guess': 'audio_only'}",my favourite clip was calming/ relaxing. a big part of why it was relaxing for me was the cohesive feel and balance between audio and visual- important they align for me,clash/ high pitches /friction,cool instrument!!,"{'further_comments': 'cool instrument!!', 'lowest_rated_notes': 'clash/ high pitches /friction', 'highest_rated_notes': 'my favourite clip was calming/ relaxing. a big part of why it was relaxing for me was the cohesive feel and balance between audio and visual- important they align for me'}",2026-01-12T21:30:49.591081+00:00
2d85550aecfe4df36ddc3867c4ad20f8,013,14,5220H_B_2026-01-05_20-22-36.mp4,True,82.602667,82.602667,,5,unsure,"{'R_1': '7', 'R_2': '5', 'R_3': '6', 'R_4': '5', 'R_5': '4', 'R_6': '2', 'R_7': '2', 'R_8': '5', 'R_9': '5', 'comments': 'not as cohesive as some of the other clips. however, quite liked this one. have put ""unsure"" as where this clip most feels at home because it feels perfect for some kind of sensory play for kids ', 'attention': 'Mostly sound', 'condition_guess': 'audio_only'}",my favourite clip was calming/ relaxing. a big part of why it was relaxing for me was the cohesive feel and balance between audio and visual- important they align for me,clash/ high pitches /friction,cool instrument!!,"{'further_comments': 'cool instrument!!', 'lowest_rated_notes': 'clash/ high pitches /friction', 'highest_rated_notes': 'my favourite clip was calming/ relaxing. a big part of why it was relaxing for me was the cohesive feel and balance between audio and visual- important they align for me'}",2026-01-12T21:35:20.994431+00:00
2d85550aecfe4df36ddc3867c4ad20f8,013,8,4069S_B_2026-01-07_12-00-27.mp4,True,80.405334,80.405334,,2,installation_gallery,"{'R_1': '2', 'R_2': '7', 'R_3': '6', 'R_4': '6', 'R_6': '1', 'R_7': '7', 'R_8': '6', 'R_9': '2', 'comments': 'rather frantic! ', 'attention': 'Balanced', 'condition_guess': 'unsure'}",my favourite clip was calming/ relaxing. a big part of why it was relaxing for me was the cohesive feel and balance between audio and visual- important they align for me,clash/ high pitches /friction,cool instrument!!,"{'further_comments': 'cool instrument!!', 'lowest_rated_notes': 'clash/ high pitches /friction', 'highest_rated_notes': 'my favourite clip was calming/ relaxing. a big part of why it was relaxing for me was the cohesive feel and balance between audio and visual- important they align for me'}",2026-01-12T21:38:03.373660+00:00
2d85550aecfe4df36ddc3867c4ad20f8,013,3,1661J_C_2026-01-06_12-27-39.mp4,True,80.725333,80.725333,,4,background_ambience,"{'R_1': '6', 'R_2': '5', 'R_3': '6', 'R_4': '5', 'R_5': '5', 'R_6': '3', 'R_7': '4', 'R_8': '5', 'R_9': '4', 'comments': '', 'attention': 'Mostly sound', 'condition_guess': 'unsure'}",my favourite clip was calming/ relaxing. a big part of why it was relaxing for me was the cohesive feel and balance between audio and visual- important they align for me,clash/ high pitches /friction,cool instrument!!,"{'further_comments': 'cool instrument!!', 'lowest_rated_notes': 'clash/ high pitches /friction', 'highest_rated_notes': 'my favourite clip was calming/ relaxing. a big part of why it was relaxing for me was the cohesive feel and balance between audio and visual- important they align for me'}",2026-01-12T21:40:34.623644+00:00
2d85550aecfe4df36ddc3867c4ad20f8,013,2,1661J_B_2026-01-06_11-52-56.mp4,True,78.976,78.976,,6,workshop_education,"{'R_1': '4', 'R_2': '5', 'R_3': '6', 'R_4': '5', 'R_5': '4', 'R_6': '3', 'R_7': '2', 'R_8': '4', 'R_9': '6', 'comments': '', 'attention': 'Mostly light', 'condition_guess': 'visual_only'}",my favourite clip was calming/ relaxing. a big part of why it was relaxing for me was the cohesive feel and balance between audio and visual- important they align for me,clash/ high pitches /friction,cool instrument!!,"{'further_comments': 'cool instrument!!', 'lowest_rated_notes': 'clash/ high pitches /friction', 'highest_rated_notes': 'my favourite clip was calming/ relaxing. a big part of why it was relaxing for me was the cohesive feel and balance between audio and visual- important they align for me'}",2026-01-12T21:48:10.796327+00:00
2d85550aecfe4df36ddc3867c4ad20f8,013,29,Default_Params_2026-01-07_10-17-02.mp4,True,70.933333,70.933333,,5,background_ambience,"{'R_1': '6', 'R_2': '5', 'R_3': '6', 'R_4': '6', 'R_5': '6', 'R_6': '1', 'R_7': '1', 'R_8': '3', 'R_9': '5', 'comments': '', 'attention': 'Balanced', 'condition_guess': 'visual_only'}",my favourite clip was calming/ relaxing. a big part of why it was relaxing for me was the cohesive feel and balance between audio and visual- important they align for me,clash/ high pitches /friction,cool instrument!!,"{'further_comments': 'cool instrument!!', 'lowest_rated_notes': 'clash/ high pitches /friction', 'highest_rated_notes': 'my favourite clip was calming/ relaxing. a big part of why it was relaxing for me was the cohesive feel and balance between audio and visual- important they align for me'}",2026-01-12T21:52:30.795608+00:00
2d85550aecfe4df36ddc3867c4ad20f8,013,1,1661J_A_2026-01-06_12-12-03.mp4,True,72.298667,72.298667,,6,workshop_education,"{'R_1': '4', 'R_2': '5', 'R_3': '4', 'R_4': '2', 'R_5': '2', 'R_6': '5', 'R_7': '5', 'R_8': '3', 'R_9': '6', 'comments': '', 'attention': 'Mostly light', 'condition_guess': 'visual_only'}",my favourite clip was calming/ relaxing. a big part of why it was relaxing for me was the cohesive feel and balance between audio and visual- important they align for me,clash/ high pitches /friction,cool instrument!!,"{'further_comments': 'cool instrument!!', 'lowest_rated_notes': 'clash/ high pitches /friction', 'highest_rated_notes': 'my favourite clip was calming/ relaxing. a big part of why it was relaxing for me was the cohesive feel and balance between audio and visual- important they align for me'}",2026-01-12T21:54:37.049970+00:00
2d85550aecfe4df36ddc3867c4ad20f8,013,13,5220H_A_2026-01-05_19-23-19.mp4,True,81.316667,81.316667,,3,installation_gallery,"{'R_1': '3', 'R_2': '6', 'R_3': '6', 'R_4': '6', 'R_5': '6', 'R_6': '1', 'R_7': '5', 'R_8': '5', 'R_9': '3', 'comments': '', 'attention': 'Mostly light', 'condition_guess': 'audiovisual'}",my favourite clip was calming/ relaxing. a big part of why it was relaxing for me was the cohesive feel and balance between audio and visual- important they align for me,clash/ high pitches /friction,cool instrument!!,"{'further_comments': 'cool instrument!!', 'lowest_rated_notes': 'clash/ high pitches /friction', 'highest_rated_notes': 'my favourite clip was calming/ relaxing. a big part of why it was relaxing for me was the cohesive feel and balance between audio and visual- important they align for me'}",2026-01-12T22:01:03.008553+00:00
2d85550aecfe4df36ddc3867c4ad20f8,013,17,5344J_B_2026-01-05_17-27-06.mp4,True,71.061334,71.061334,,7,background_ambience,"{'R_1': '7', 'R_2': '7', 'R_3': '6', 'R_4': '7', 'R_5': '7', 'R_6': '1', 'R_7': '1', 'R_8': '6', 'R_9': '7', 'comments': 'nice/ easy listening', 'attention': 'Balanced', 'condition_guess': 'audiovisual'}",my favourite clip was calming/ relaxing. a big part of why it was relaxing for me was the cohesive feel and balance between audio and visual- important they align for me,clash/ high pitches /friction,cool instrument!!,"{'further_comments': 'cool instrument!!', 'lowest_rated_notes': 'clash/ high pitches /friction', 'highest_rated_notes': 'my favourite clip was calming/ relaxing. a big part of why it was relaxing for me was the cohesive feel and balance between audio and visual- important they align for me'}",2026-01-12T22:05:21.691087+00:00
2d85550aecfe4df36ddc3867c4ad20f8,013,12,4939Z_C_2026-01-06_18-40-59.mp4,True,80.106667,80.106667,,5,workshop_education,"{'R_1': '6', 'R_2': '7', 'R_3': '7', 'R_4': '6', 'R_5': '6', 'R_6': '1', 'R_7': '1', 'R_8': '5', 'R_9': '5', 'comments': '', 'attention': 'Balanced', 'condition_guess': 'audiovisual'}",my favourite clip was calming/ relaxing. a big part of why it was relaxing for me was the cohesive feel and balance between audio and visual- important they align for me,clash/ high pitches /friction,cool instrument!!,"{'further_comments': 'cool instrument!!', 'lowest_rated_notes': 'clash/ high pitches /friction', 'highest_rated_notes': 'my favourite clip was calming/ relaxing. a big part of why it was relaxing for me was the cohesive feel and balance between audio and visual- important they align for me'}",2026-01-12T22:07:56.221036+00:00
2d85550aecfe4df36ddc3867c4ad20f8,013,28,Default_Params_2026-01-06_10-07-27.mp4,True,68.983333,68.983333,,6,workshop_education,"{'R_1': '6', 'R_2': '7', 'R_3': '5', 'R_4': '6', 'R_5': '6', 'R_6': '1', 'R_7': '1', 'R_8': '5', 'R_9': '6', 'comments': '', 'attention': 'Balanced', 'condition_guess': 'audiovisual'}",my favourite clip was calming/ relaxing. a big part of why it was relaxing for me was the cohesive feel and balance between audio and visual- important they align for me,clash/ high pitches /friction,cool instrument!!,"{'further_comments': 'cool instrument!!', 'lowest_rated_notes': 'clash/ high pitches /friction', 'highest_rated_notes': 'my favourite clip was calming/ relaxing. a big part of why it was relaxing for me was the cohesive feel and balance between audio and visual- important they align for me'}",2026-01-12T22:09:42.094934+00:00
9ff6821526a4f1c9aa137e26a25c378d,012,1,1661J_A_2026-01-06_12-12-03.mp4,True,72.285,72.285,,7,live_performance,"{'R_1': '6', 'R_2': '6', 'R_3': '6', 'R_4': '6', 'R_5': '5', 'R_6': '2', 'R_7': '3', 'R_8': '3', 'R_9': '7', 'comments': '', 'attention': 'Mostly sound', 'condition_guess': 'audiovisual'}",,,,{},2026-01-13T00:01:51.814917+00:00
c2488cc75747e27097215705c9c62eae,009,15,5220H_C_2026-01-05_20-04-01.mp4,True,76.566667,76.566667,,5,installation_gallery,"{'R_1': '4', 'R_2': '2', 'R_3': '3', 'R_4': '3', 'R_5': '6', 'R_6': '1', 'R_7': '1', 'R_8': '6', 'R_9': '5', 'comments': '', 'attention': 'Mostly light', 'condition_guess': 'visual_only'}",,,,{},2026-01-12T13:27:37.919604+00:00
2d85550aecfe4df36ddc3867c4ad20f8,013,4,3483M_A_2026-01-06_16-09-43.mp4,True,90.773334,90.773334,,3,installation_gallery,"{'R_1': '5', 'R_2': '4', 'R_3': '5', 'R_4': '4', 'R_5': '3', 'R_6': '4', 'R_7': '2', 'R_8': '2', 'R_9': '3', 'comments': '', 'attention': 'Mostly sound', 'condition_guess': 'audio_only'}",my favourite clip was calming/ relaxing. a big part of why it was relaxing for me was the cohesive feel and balance between audio and visual- important they align for me,clash/ high pitches /friction,cool instrument!!,"{'further_comments': 'cool instrument!!', 'lowest_rated_notes': 'clash/ high pitches /friction', 'highest_rated_notes': 'my favourite clip was calming/ relaxing. a big part of why it was relaxing for me was the cohesive feel and balance between audio and visual- important they align for me'}",2026-01-12T20:53:20.888504+00:00
2d85550aecfe4df36ddc3867c4ad20f8,013,21,5747E_C_2026-01-09_15-10-41.mp4,True,72.149334,72.149334,,6,background_ambience,"{'R_1': '5', 'R_2': '5', 'R_3': '6', 'R_4': '4', 'R_5': '4', 'R_6': '4', 'R_7': '2', 'R_8': '3', 'R_9': '6', 'comments': '', 'attention': 'Mostly sound', 'condition_guess': 'audio_only'}",my favourite clip was calming/ relaxing. a big part of why it was relaxing for me was the cohesive feel and balance between audio and visual- important they align for me,clash/ high pitches /friction,cool instrument!!,"{'further_comments': 'cool instrument!!', 'lowest_rated_notes': 'clash/ high pitches /friction', 'highest_rated_notes': 'my favourite clip was calming/ relaxing. a big part of why it was relaxing for me was the cohesive feel and balance between audio and visual- important they align for me'}",2026-01-12T20:59:13.525750+00:00
2d85550aecfe4df36ddc3867c4ad20f8,013,18,5344J_C_2026-01-05_17-46-30.mp4,True,76.516667,76.516667,,4,installation_gallery,"{'R_1': '5', 'R_2': '5', 'R_3': '6', 'R_4': '4', 'R_5': '3', 'R_6': '4', 'R_7': '4', 'R_8': '3', 'R_9': '4', 'comments': 'liked how cohesive/smooth at the beginning then less so towards the end', 'attention': 'Mostly sound', 'condition_guess': 'audiovisual'}",my favourite clip was calming/ relaxing. a big part of why it was relaxing for me was the cohesive feel and balance between audio and visual- important they align for me,clash/ high pitches /friction,cool instrument!!,"{'further_comments': 'cool instrument!!', 'lowest_rated_notes': 'clash/ high pitches /friction', 'highest_rated_notes': 'my favourite clip was calming/ relaxing. a big part of why it was relaxing for me was the cohesive feel and balance between audio and visual- important they align for me'}",2026-01-12T21:02:24.005242+00:00
2d85550aecfe4df36ddc3867c4ad20f8,013,26,7974C_B_2026-01-07_17-52-19.mp4,True,90.218667,90.218667,,4,installation_gallery,"{'R_1': '3', 'R_2': '4', 'R_3': '4', 'R_4': '2', 'R_5': '2', 'R_6': '5', 'R_7': '5', 'R_8': '4', 'R_9': '4', 'comments': '', 'attention': 'Mostly light', 'condition_guess': 'visual_only'}",my favourite clip was calming/ relaxing. a big part of why it was relaxing for me was the cohesive feel and balance between audio and visual- important they align for me,clash/ high pitches /friction,cool instrument!!,"{'further_comments': 'cool instrument!!', 'lowest_rated_notes': 'clash/ high pitches /friction', 'highest_rated_notes': 'my favourite clip was calming/ relaxing. a big part of why it was relaxing for me was the cohesive feel and balance between audio and visual- important they align for me'}",2026-01-12T21:11:21.840290+00:00
2d85550aecfe4df36ddc3867c4ad20f8,013,30,Default_Params_2026-01-09_14-23-48.mp4,True,69.783333,69.783333,,5,background_ambience,"{'R_1': '5', 'R_2': '5', 'R_3': '6', 'R_4': '5', 'R_5': '5', 'R_6': '2', 'R_7': '1', 'R_8': '4', 'R_9': '5', 'comments': '', 'attention': 'Mostly sound', 'condition_guess': 'audiovisual'}",my favourite clip was calming/ relaxing. a big part of why it was relaxing for me was the cohesive feel and balance between audio and visual- important they align for me,clash/ high pitches /friction,cool instrument!!,"{'further_comments': 'cool instrument!!', 'lowest_rated_notes': 'clash/ high pitches /friction', 'highest_rated_notes': 'my favourite clip was calming/ relaxing. a big part of why it was relaxing for me was the cohesive feel and balance between audio and visual- important they align for me'}",2026-01-12T21:27:56.423494+00:00
2d85550aecfe4df36ddc3867c4ad20f8,013,16,5344J_A_2026-01-05_17-06-17.mp4,True,78.016667,78.016667,,4,background_ambience,"{'R_1': '6', 'R_2': '6', 'R_3': '6', 'R_4': '6', 'R_5': '6', 'R_6': '1', 'R_7': '1', 'R_8': '5', 'R_9': '4', 'comments': '', 'attention': 'Balanced', 'condition_guess': 'audiovisual'}",my favourite clip was calming/ relaxing. a big part of why it was relaxing for me was the cohesive feel and balance between audio and visual- important they align for me,clash/ high pitches /friction,cool instrument!!,"{'further_comments': 'cool instrument!!', 'lowest_rated_notes': 'clash/ high pitches /friction', 'highest_rated_notes': 'my favourite clip was calming/ relaxing. a big part of why it was relaxing for me was the cohesive feel and balance between audio and visual- important they align for me'}",2026-01-12T21:43:16.776440+00:00
2d85550aecfe4df36ddc3867c4ad20f8,013,19,5747E_A_2026-01-09_15-32-44.mp4,True,86.016667,86.016667,,4,background_ambience,"{'R_1': '7', 'R_2': '6', 'R_3': '7', 'R_4': '6', 'R_5': '6', 'R_6': '1', 'R_7': '1', 'R_8': '5', 'R_9': '4', 'comments': 'sleepy and nice', 'attention': 'Balanced', 'condition_guess': 'audiovisual'}",my favourite clip was calming/ relaxing. a big part of why it was relaxing for me was the cohesive feel and balance between audio and visual- important they align for me,clash/ high pitches /friction,cool instrument!!,"{'further_comments': 'cool instrument!!', 'lowest_rated_notes': 'clash/ high pitches /friction', 'highest_rated_notes': 'my favourite clip was calming/ relaxing. a big part of why it was relaxing for me was the cohesive feel and balance between audio and visual- important they align for me'}",2026-01-12T21:45:55.538329+00:00
2d85550aecfe4df36ddc3867c4ad20f8,013,27,7974C_C_2026-01-07_18-59-15.mp4,True,57.450667,57.450667,,4,installation_gallery,"{'R_1': '2', 'R_2': '5', 'R_3': '5', 'R_4': '4', 'R_5': '2', 'R_6': '4', 'R_7': '6', 'R_8': '2', 'R_9': '4', 'comments': '', 'attention': 'Mostly sound', 'condition_guess': 'visual_only'}",my favourite clip was calming/ relaxing. a big part of why it was relaxing for me was the cohesive feel and balance between audio and visual- important they align for me,clash/ high pitches /friction,cool instrument!!,"{'further_comments': 'cool instrument!!', 'lowest_rated_notes': 'clash/ high pitches /friction', 'highest_rated_notes': 'my favourite clip was calming/ relaxing. a big part of why it was relaxing for me was the cohesive feel and balance between audio and visual- important they align for me'}",2026-01-12T21:50:16.044017+00:00
2d85550aecfe4df36ddc3867c4ad20f8,013,9,4069S_C_2026-01-07_11-42-07.mp4,True,75.516667,75.516667,,4,installation_gallery,"{'R_1': '4', 'R_2': '5', 'R_3': '5', 'R_4': '4', 'R_5': '5', 'R_6': '3', 'R_7': '2', 'R_8': '4', 'R_9': '4', 'comments': '', 'attention': 'Balanced', 'condition_guess': 'audiovisual'}",my favourite clip was calming/ relaxing. a big part of why it was relaxing for me was the cohesive feel and balance between audio and visual- important they align for me,clash/ high pitches /friction,cool instrument!!,"{'further_comments': 'cool instrument!!', 'lowest_rated_notes': 'clash/ high pitches /friction', 'highest_rated_notes': 'my favourite clip was calming/ relaxing. a big part of why it was relaxing for me was the cohesive feel and balance between audio and visual- important they align for me'}",2026-01-12T21:57:21.762574+00:00
2d85550aecfe4df36ddc3867c4ad20f8,013,11,4939Z_B_2026-01-06_19-31-45.mp4,True,76.3,76.3,,5,workshop_education,"{'R_1': '3', 'R_2': '5', 'R_3': '5', 'R_4': '4', 'R_5': '4', 'R_6': '1', 'R_7': '3', 'R_8': '5', 'R_9': '5', 'comments': '', 'attention': 'Mostly sound', 'condition_guess': 'audio_only'}",my favourite clip was calming/ relaxing. a big part of why it was relaxing for me was the cohesive feel and balance between audio and visual- important they align for me,clash/ high pitches /friction,cool instrument!!,"{'further_comments': 'cool instrument!!', 'lowest_rated_notes': 'clash/ high pitches /friction', 'highest_rated_notes': 'my favourite clip was calming/ relaxing. a big part of why it was relaxing for me was the cohesive feel and balance between audio and visual- important they align for me'}",2026-01-12T22:03:19.600274+00:00
9ff6821526a4f1c9aa137e26a25c378d,012,24,6770L_C_2026-01-07_15-39-22.mp4,True,103.63,103.63,,2,installation_gallery,"{'R_1': '5', 'R_2': '6', 'R_3': '5', 'R_4': '6', 'R_5': '6', 'R_6': '2', 'R_7': '4', 'R_8': '6', 'R_9': '2', 'comments': '', 'attention': 'Mostly sound', 'condition_guess': 'audio_only'}",,,,{},2026-01-12T23:51:36.212766+00:00
9ff6821526a4f1c9aa137e26a25c378d,012,25,7974C_A_2026-01-07_18-27-26.mp4,True,93.95,93.95,,2,workshop_education,"{'R_1': '5', 'R_2': '4', 'R_3': '6', 'R_4': '4', 'R_5': '3', 'R_6': '5', 'R_7': '5', 'R_8': '2', 'R_9': '2', 'comments': '', 'attention': 'Balanced', 'condition_guess': 'unsure'}",,,,{},2026-01-12T23:57:01.910624+00:00
9ff6821526a4f1c9aa137e26a25c378d,012,12,4939Z_C_2026-01-06_18-40-59.mp4,True,80.076,80.076,,6,live_performance,"{'R_1': '6', 'R_2': '5', 'R_3': '6', 'R_4': '6', 'R_5': '5', 'R_6': '2', 'R_7': '2', 'R_8': '5', 'R_9': '6', 'comments': '', 'attention': 'Balanced', 'condition_guess': 'audiovisual'}",,,,{},2026-01-12T23:59:36.462135+00:00
9ff6821526a4f1c9aa137e26a25c378d,012,29,Default_Params_2026-01-07_10-17-02.mp4,True,70.95,70.95,,6,live_performance,"{'R_1': '7', 'R_2': '6', 'R_3': '7', 'R_4': '7', 'R_5': '6', 'R_6': '1', 'R_7': '1', 'R_8': '6', 'R_9': '6', 'comments': 'Some general notes to finish:\n\nI found the most at home question interesting and as I think it really depends on my mood and the wider context. Most of these I would find interesting as a live performance as long as there was variation throughout the live set. If it was that one clip or v similar for the whole performance that would be less compelling but I dont think any liver performance is like that in reality.\n\nI ended up rating based on what I thought fitted that environment / setting best.\n\nAlso, I didnt choose this option often based on the above but I believe that almost all of these could be used for workshop / education as the actual output is less important there in my opinion. I chose this mostly where it didnt fit into the other three categories.\n\nFinal thing - I listened to most of these through a nice set of over ear headphones. For comparisons sake I did side by side tests of a couple with laptop speakers and much preferred the headphone version - the bass notes come through much clearer and make the whole thing more balanced', 'attention': 'Balanced', 'condition_guess': 'audiovisual'}",,,,{},2026-01-13T00:04:33.563256+00:00
16328b70c7ffc3702c5ff204c50cbddd,007,1,1661J_A_2026-01-06_12-12-03.mp4,True,72.285026,72.285026,,3,unsure,"{'R_1': '3', 'R_2': '3', 'R_3': '2', 'R_4': '2', 'R_5': '2', 'R_6': '6', 'R_7': '6', 'R_8': '1', 'R_9': '3', 'comments': ""I didn't feel synchronization or coherence which made it overstimulated. Felt like audio was randomly composed by a human, and visuals were randomly composed by a computer, without knowledge of each other. It lost interest quickly, and the clip felt long."", 'attention': 'It varied / unsure', 'condition_guess': 'audio_only'}",,,,{},2026-01-13T09:30:22.416321+00:00
16328b70c7ffc3702c5ff204c50cbddd,007,8,4069S_B_2026-01-07_12-00-27.mp4,True,80.4,80.4,,1,installation_gallery,"{'R_1': '5', 'R_2': '6', 'R_3': '4', 'R_4': '6', 'R_5': '7', 'R_6': '1', 'R_7': '6', 'R_8': '5', 'R_9': '1', 'comments': 'Much more synchronized between audio and visual than the previous clip. Felt like computerized composition (Bee-pe-re-boop-boop!) More enjoyable to watch because of synchronization, however pacing/speed of delivery was VERY fast and became overstimulating once audio paired with visual. I think the visual was especially fatiguing bouncing around, though it helped to have less color saturation on the hexagon revealing more pattern. With the audio, the overstimulation came from discontinuity between high sounds and low sounds with seemingly no order or grounding feature. The only grounding feature to me was the fact that audio and visuals were in sync.', 'attention': 'Balanced', 'condition_guess': 'audiovisual'}",,,,{},2026-01-13T09:37:08.406311+00:00
16328b70c7ffc3702c5ff204c50cbddd,007,27,7974C_C_2026-01-07_18-59-15.mp4,True,57.433333,57.433333,,6,workshop_education,"{'R_1': '7', 'R_2': '7', 'R_3': '7', 'R_4': '7', 'R_5': '7', 'R_6': '1', 'R_7': '3', 'R_8': '7', 'R_9': '6', 'comments': ""This clip finally made things click - I felt like I was learning. I picked up that the top orientation was very the low bass sounds and the bottom orientation was for the highest sounds, and there was a gradation of low to high sounds visually oriented top to bottom. While i haven't learned the colors for pitches yet, I understand that there's an underlying order, and orientation made a big difference. It added for me another cohering factor that made it very enjoyable to watch. It made me want to play with the unit."", 'attention': 'Balanced', 'condition_guess': 'audiovisual'}",,,,{},2026-01-13T09:41:25.545620+00:00
16328b70c7ffc3702c5ff204c50cbddd,007,12,4939Z_C_2026-01-06_18-40-59.mp4,True,80.1,80.1,,6,background_ambience,"{'R_1': '7', 'R_2': '7', 'R_3': '7', 'R_4': '7', 'R_5': '7', 'R_6': '1', 'R_7': '2', 'R_8': '7', 'R_9': '6', 'comments': 'This clip seemed more harmonic - driven by audio composition first. I think I experienced sequences, and pacing of delivery was moderate. I thought it may have been more human composed, but perhaps there were more parameters on harmonicity for a computer-driven algorithmic composition. It felt hypnotic and was the first clip I wanted to replay, and played/watched/listened twice. I thought it would be suitable for background ambiance or an installation. I am finding the synth sound used a little harsh throughout all clips - but this composition was more enjoyable and felt like wind chimes.', 'attention': 'Balanced', 'condition_guess': 'audio_only'}",,,,{},2026-01-13T09:48:57.981037+00:00
16328b70c7ffc3702c5ff204c50cbddd,007,22,6770L_A_2026-01-07_14-48-10.mp4,True,70.406,70.406,,5,live_performance,"{'R_1': '2', 'R_2': '5', 'R_3': '2', 'R_4': '5', 'R_5': '4', 'R_6': '4', 'R_7': '4', 'R_8': '5', 'R_9': '5', 'comments': ""I couldn't help but think there was a human on a keyboard behind the scenes just randomly inputting sound, and seeking some visual pattern. It felt pretty random and then got faster and faster once a pattern was found. The experience was incoherent to me and felt more like a live exploration of cause-and-effect that I was experiencing recorded."", 'attention': 'Mostly light', 'condition_guess': 'audiovisual'}",,,,{},2026-01-13T09:55:05.566608+00:00
16328b70c7ffc3702c5ff204c50cbddd,007,19,5747E_A_2026-01-09_15-32-44.mp4,True,86.016667,86.016667,,6,installation_gallery,"{'R_1': '6', 'R_2': '6', 'R_3': '6', 'R_4': '7', 'R_5': '7', 'R_6': '1', 'R_7': '1', 'R_8': '7', 'R_9': '6', 'comments': ""I finally learned that blue is F#/Gb, pink is A#/Bb, and violet is G#/Ab. The limitations on colors and pitch in this mode really helped, and even if the composition felt random, having less pitch/color parameters made it much more enjoyable for me to watch and listen. I enjoyed it at this pace, and would probably enjoy it even more with delivery at half speed or slower. I couldn't tell if it was human or computer generated, but it's certainly something that a human COULD compose."", 'attention': 'Balanced', 'condition_guess': 'audiovisual'}",,,,{},2026-01-13T10:01:01.476377+00:00
16328b70c7ffc3702c5ff204c50cbddd,007,20,5747E_B_2026-01-09_15-54-52.mp4,True,78.004,78.004,,6,background_ambience,"{'R_1': '7', 'R_2': '3', 'R_3': '5', 'R_4': '3', 'R_5': '3', 'R_6': '4', 'R_7': '4', 'R_8': '4', 'R_9': '6', 'comments': 'This clip was very interesting to me. I suddenly wondered why fifths were close together in color, and also wondered why the same pitches were recurring in wildly different visual areas than I expected them to since I last had heard that pitch. I felt like the colors were ""surprising"" me as to their location, and therefore randomized in location, while the audio was much more sequential and coherent. it felt jazzy and chill, and I would definitely not mine listening to that as background ambience music with lights going on in this clip that I wouldn\'t have to pay much attention to. However, since I was focused in this study, the randomness of color location captured most of my attention and detracted from my enjoyment of the audio composition.', 'attention': 'Mostly light', 'condition_guess': 'audiovisual'}",,,,{},2026-01-13T10:06:37.513450+00:00
16328b70c7ffc3702c5ff204c50cbddd,007,7,4069S_A_2026-01-07_12-18-40.mp4,True,56.749023,56.749023,,7,unsure,"{'R_1': '4', 'R_2': '3', 'R_3': '5', 'R_4': '2', 'R_5': '2', 'R_6': '6', 'R_7': '6', 'R_8': '4', 'R_9': '7', 'comments': 'The full sudden fillings of the unit with color felt overwhelming and unhelpful. I felt I was going a little cross eyed trying to experience pattern through an absence of color.', 'attention': 'Mostly light', 'condition_guess': 'visual_only'}",,,,{},2026-01-13T10:18:54.678881+00:00
16328b70c7ffc3702c5ff204c50cbddd,007,26,7974C_B_2026-01-07_17-52-19.mp4,True,90.216667,90.216667,,6,live_performance,"{'R_1': '5', 'R_2': '7', 'R_3': '7', 'R_4': '7', 'R_5': '7', 'R_6': '2', 'R_7': '4', 'R_8': '3', 'R_9': '6', 'comments': 'Interestingly this one started to feel more impressionistic (like Debussy). There was more gradual color shifting and what sounded like extended harmonies and rhythms that were more intentional than previous clips. I enjoyed it and the moments that brought down my liking rating was when it quickly got too ""busy"" visually and perhaps added what felt like destructive interference. (I admit for the differentiation of ""constructive"" and ""destructive"" interference has been a bit ambiguous for me to define so far.)', 'attention': 'Balanced', 'condition_guess': 'audiovisual'}",,,,{},2026-01-13T10:13:30.852478+00:00
16328b70c7ffc3702c5ff204c50cbddd,007,14,5220H_B_2026-01-05_20-22-36.mp4,True,82.6,82.6,,7,live_performance,"{'R_1': '7', 'R_2': '7', 'R_3': '7', 'R_4': '7', 'R_5': '7', 'R_6': '1', 'R_7': '1', 'R_8': '6', 'R_9': '7', 'comments': ""The sense of rhythmic pulse and rhythms in the composition at a digestible pace made this composition very enjoyable for me, even if pitches were leaping. The visuals reinforced the experience and made it enjoyable to watch while listening. I enjoyed the coherence and started bopping my head do it, feeling rhythm in my body in this clip. I liked it a lot - felt it must be human led. I'd dig that in a live-performance setting."", 'attention': 'Mostly sound', 'condition_guess': 'audio_only'}",,,,{},2026-01-13T10:22:46.420339+00:00
c654e193a55241bb0721892c66213f4f,011,16,5344J_A_2026-01-05_17-06-17.mp4,True,78.016667,78.016667,,3,installation_gallery,"{'R_1': '5', 'R_2': '6', 'R_3': '4', 'R_4': '6', 'R_5': '2', 'R_6': '4', 'R_8': '5', 'R_9': '3', 'comments': '', 'attention': 'Mostly sound', 'condition_guess': 'audio_only'}",,,,{},2026-01-13T16:40:05.939986+00:00
c654e193a55241bb0721892c66213f4f,011,24,6770L_C_2026-01-07_15-39-22.mp4,True,103.633333,103.633333,,3,installation_gallery,"{'R_1': '5', 'R_2': '5', 'R_3': '5', 'R_4': '4', 'R_5': '5', 'R_6': '3', 'R_7': '3', 'R_8': '4', 'R_9': '3', 'comments': '', 'attention': 'Mostly sound', 'condition_guess': 'audio_only'}",,,,{},2026-01-13T16:54:55.328195+00:00
c654e193a55241bb0721892c66213f4f,011,22,6770L_A_2026-01-07_14-48-10.mp4,True,70.406,70.406,,3,unsure,"{'R_1': '3', 'R_2': '5', 'R_3': '2', 'R_4': '2', 'R_5': '6', 'R_6': '6', 'R_7': '6', 'R_8': '4', 'R_9': '3', 'comments': '', 'attention': 'Mostly sound', 'condition_guess': 'audio_only'}",,,,{},2026-01-13T17:57:39.417543+00:00
c654e193a55241bb0721892c66213f4f,011,2,1661J_B_2026-01-06_11-52-56.mp4,True,78.942,78.942,,4,installation_gallery,"{'R_1': '4', 'R_2': '5', 'R_3': '4', 'R_4': '5', 'R_5': '5', 'R_6': '3', 'R_7': '2', 'R_8': '1', 'R_9': '4', 'comments': '', 'attention': 'Mostly sound', 'condition_guess': 'audio_only'}",,,,{},2026-01-13T18:51:31.097666+00:00
1270ebf547c6d3f9c238e6b0aa37b824,014,17,5344J_B_2026-01-05_17-27-06.mp4,True,71.026,71.026,,7,live_performance,"{'R_1': '4', 'R_2': '7', 'R_3': '7', 'R_4': '7', 'R_5': '7', 'R_6': '1', 'R_7': '1', 'R_8': '7', 'R_9': '7', 'comments': 'some of the sounds or notes are too high pitched. I wanted to take control and prevented them from hitting the bottom right of the hexagonal  canvas/ inverted light and sound keyboard . Sounded like this piece was played by a human. Was it ?? ', 'attention': 'Balanced', 'condition_guess': 'audiovisual'}",,,,{},2026-01-13T20:53:34.888625+00:00
1270ebf547c6d3f9c238e6b0aa37b824,014,16,5344J_A_2026-01-05_17-06-17.mp4,True,78.017,78.017,,1,unsure,"{'R_1': '1', 'R_2': '1', 'R_3': '1', 'R_4': '7', 'R_5': '7', 'R_6': '1', 'R_7': '7', 'R_8': '1', 'R_9': '1', 'comments': ""The bottom/lower part of the hexagonal canvas produces/ shows high pitch sounds which are too unpleasant to my ears and liking. I did't like at all this piece. "", 'attention': 'Mostly sound', 'condition_guess': 'unsure'}",,,,{},2026-01-13T20:59:12.698968+00:00
c654e193a55241bb0721892c66213f4f,011,28,Default_Params_2026-01-06_10-07-27.mp4,True,68.983333,68.983333,,2,installation_gallery,"{'R_1': '5', 'R_2': '5', 'R_3': '4', 'R_4': '4', 'R_5': '4', 'R_6': '3', 'R_7': '3', 'R_8': '4', 'R_9': '2', 'comments': '', 'attention': 'Mostly sound', 'condition_guess': 'audiovisual'}",,,,{},2026-01-13T16:51:59.026984+00:00
c654e193a55241bb0721892c66213f4f,011,19,5747E_A_2026-01-09_15-32-44.mp4,True,86.016667,86.016667,,4,installation_gallery,"{'R_1': '6', 'R_2': '5', 'R_3': '5', 'R_4': '4', 'R_5': '2', 'R_6': '2', 'R_7': '2', 'R_8': '5', 'R_9': '4', 'comments': '', 'attention': 'Balanced', 'condition_guess': 'audio_only'}",,,,{},2026-01-13T18:53:36.668990+00:00
1270ebf547c6d3f9c238e6b0aa37b824,014,3,1661J_C_2026-01-06_12-27-39.mp4,True,80.698,80.698,,7,installation_gallery,"{'R_1': '7', 'R_2': '7', 'R_3': '7', 'R_4': '7', 'R_5': '7', 'R_6': '1', 'R_7': '1', 'R_8': '5', 'R_9': '7', 'comments': 'sounded like played /  driven by a human playing pinball ! Brilliant, I love it because I used to love playing pinball games', 'attention': 'Balanced', 'condition_guess': 'unsure'}",,,,{},2026-01-13T20:45:36.052472+00:00
